city,year,month,latitude,longitude,elevation_m,max_temp_c,min_temp_c,avg_temp_c,humidity_pct,wind_speed_ms,ndvi,ndwi,ndbi,population_density,emission_index,avg_building_height,urban_canyon_index,industrial_heat_factor,ac_thermal_exhaust,sensor_reliability,built_up_ratio,green_cover_ratio,water_cover_ratio,lst_day_mean,lst_night_mean,viirs_avg_radiance
Lucknow,2020,1,26.8467,80.9462,123,19.8,7.2,14.8,63.1,1.5,0.21,-0.35,0.18,11123,5.39,18.6,0.9,0.55,0.86,0.95,0.62,0.09,0.021,20.1,7.75,65.86
Lucknow,2020,2,26.8467,80.9462,123,21.6,8.5,16.6,51.6,1.4,0.21,-0.35,0.18,11123,5.39,18.6,0.9,0.55,0.86,0.95,0.62,0.09,0.021,22.36,9.25,59.37
Lucknow,2020,3,26.8467,80.9462,123,29.9,17.6,24.9,34.8,2.9,0.147,-0.35,0.18,11123,5.39,18.6,0.9,0.55,0.86,0.95,0.62,0.09,0.021,30.22,17.7,59.97
Lucknow,2020,4,26.8467,80.9462,123,40.1,27.2,35.1,48.2,2.3,0.147,-0.35,0.18,11123,5.39,18.6,0.9,0.55,0.86,0.95,0.62,0.09,0.021,36.71,24.72,62.79
Lucknow,2020,5,26.8467,80.9462,123,43.1,28.6,38.1,37.0,2.0,0.147,-0.35,0.18,11123,5.39,18.6,0.9,0.55,0.86,0.95,0.62,0.09,0.021,44.2,31.73,64.58
Lucknow,2020,6,26.8467,80.9462,123,39.6,27.6,34.6,49.6,2.5,0.21,-0.35,0.18,11123,5.39,18.6,0.9,0.55,0.86,0.95,0.62,0.09,0.021,39.33,26.53,60.55
Lucknow,2020,7,26.8467,80.9462,123,36.6,23.6,31.6,76.5,2.3,0.294,-0.21,0.18,11123,5.39,18.6,0.9,0.55,0.86,0.95,0.62,0.09,0.021,37.71,25.44,64.32
Lucknow,2020,8,26.8467,80.9462,123,36.3,23.9,31.3,77.6,2.8,0.294,-0.21,0.18,11123,5.39,18.6,0.9,0.55,0.86,0.95,0.62,0.09,0.021,36.95,24.29,65.17
Lucknow,2020,9,26.8467,80.9462,123,35.3,22.4,30.3,82.1,2.1,0.294,-0.21,0.18,11123,5.39,18.6,0.9,0.55,0.86,0.95,0.62,0.09,0.021,36.84,24.75,63.49
Lucknow,2020,10,26.8467,80.9462,123,31.4,16.6,26.4,48.5,1.6,0.21,-0.35,0.18,11123,5.39,18.6,0.9,0.55,0.86,0.95,0.62,0.09,0.021,32.66,20.13,61.75
Lucknow,2020,11,26.8467,80.9462,123,27.2,14.5,22.2,62.7,1.4,0.21,-0.35,0.18,11123,5.39,18.6,0.9,0.55,0.86,0.95,0.62,0.09,0.021,28.25,15.79,63.44
Lucknow,2020,12,26.8467,80.9462,123,20.5,5.7,15.5,52.3,1.4,0.21,-0.35,0.18,11123,5.39,18.6,0.9,0.55,0.86,0.95,0.62,0.09,0.021,21.52,8.89,57.5
Lucknow,2021,1,26.8467,80.9462,123,18.9,6.7,13.9,54.8,2.0,0.21,-0.35,0.18,11123,5.39,18.6,0.9,0.55,0.86,0.95,0.62,0.09,0.021,18.85,6.03,65.62
Lucknow,2021,2,26.8467,80.9462,123,25.3,12.6,20.3,64.1,2.6,0.21,-0.35,0.18,11123,5.39,18.6,0.9,0.55,0.86,0.95,0.62,0.09,0.021,26.1,13.48,61.67
Lucknow,2021,3,26.8467,80.9462,123,26.9,12.9,21.9,34.3,3.6,0.147,-0.35,0.18,11123,5.39,18.6,0.9,0.55,0.86,0.95,0.62,0.09,0.021,28.33,16.21,65.6
Lucknow,2021,4,26.8467,80.9462,123,34.5,19.7,29.5,30.8,5.0,0.147,-0.35,0.18,11123,5.39,18.6,0.9,0.55,0.86,0.95,0.62,0.09,0.021,35.3,22.65,64.11
Lucknow,2021,5,26.8467,80.9462,123,39.4,27.1,34.4,53.1,1.9,0.147,-0.35,0.18,11123,5.39,18.6,0.9,0.55,0.86,0.95,0.62,0.09,0.021,39.39,26.75,63.93
Lucknow,2021,6,26.8467,80.9462,123,40.4,26.5,35.4,57.0,2.3,0.21,-0.35,0.18,11123,5.39,18.6,0.9,0.55,0.86,0.95,0.62,0.09,0.021,40.4,28.22,65.41
Lucknow,2021,7,26.8467,80.9462,123,36.1,23.1,31.1,81.3,1.2,0.294,-0.21,0.18,11123,5.39,18.6,0.9,0.55,0.86,0.95,0.62,0.09,0.021,37.3,24.81,60.38
Lucknow,2021,8,26.8467,80.9462,123,36.6,23.8,31.6,76.8,1.4,0.294,-0.21,0.18,11123,5.39,18.6,0.9,0.55,0.86,0.95,0.62,0.09,0.021,37.23,25.07,63.66
Lucknow,2021,9,26.8467,80.9462,123,35.8,23.0,30.8,91.6,2.5,0.294,-0.21,0.18,11123,5.39,18.6,0.9,0.55,0.86,0.95,0.62,0.09,0.021,36.24,24.06,63.89
Lucknow,2021,10,26.8467,80.9462,123,31.3,16.7,26.3,48.2,0.8,0.21,-0.35,0.18,11123,5.39,18.6,0.9,0.55,0.86,0.95,0.62,0.09,0.021,31.59,19.01,62.57
Lucknow,2021,11,26.8467,80.9462,123,25.3,10.7,20.3,56.2,2.0,0.21,-0.35,0.18,11123,5.39,18.6,0.9,0.55,0.86,0.95,0.62,0.09,0.021,25.73,13.41,63.0
Lucknow,2021,12,26.8467,80.9462,123,19.8,5.2,14.8,59.1,2.4,0.21,-0.35,0.18,11123,5.39,18.6,0.9,0.55,0.86,0.95,0.62,0.09,0.021,20.37,8.15,60.9
Lucknow,2022,1,26.8467,80.9462,123,19.4,6.3,14.4,60.2,1.7,0.21,-0.35,0.18,11123,5.39,18.6,0.9,0.55,0.86,0.95,0.62,0.09,0.021,20.1,7.99,62.83
Lucknow,2022,2,26.8467,80.9462,123,23.2,11.1,18.2,60.5,0.7,0.21,-0.35,0.18,11123,5.39,18.6,0.9,0.55,0.86,0.95,0.62,0.09,0.021,23.93,11.13,62.74
Lucknow,2022,3,26.8467,80.9462,123,26.9,13.3,21.9,42.2,3.5,0.147,-0.35,0.18,11123,5.39,18.6,0.9,0.55,0.86,0.95,0.62,0.09,0.021,27.39,15.32,63.07
Lucknow,2022,4,26.8467,80.9462,123,34.8,21.5,29.8,33.4,4.4,0.147,-0.35,0.18,11123,5.39,18.6,0.9,0.55,0.86,0.95,0.62,0.09,0.021,35.83,23.54,62.85
Lucknow,2022,5,26.8467,80.9462,123,39.4,24.5,34.4,44.0,2.2,0.147,-0.35,0.18,11123,5.39,18.6,0.9,0.55,0.86,0.95,0.62,0.09,0.021,40.24,27.6,62.18
Lucknow,2022,6,26.8467,80.9462,123,42.0,30.0,37.0,65.1,1.4,0.21,-0.35,0.18,11123,5.39,18.6,0.9,0.55,0.86,0.95,0.62,0.09,0.021,42.22,30.18,60.16
Lucknow,2022,7,26.8467,80.9462,123,35.8,21.9,30.8,71.8,3.3,0.294,-0.21,0.18,11123,5.39,18.6,0.9,0.55,0.86,0.95,0.62,0.09,0.021,37.28,24.74,60.95
Lucknow,2022,8,26.8467,80.9462,123,34.3,22.1,29.3,73.1,2.4,0.294,-0.21,0.18,11123,5.39,18.6,0.9,0.55,0.86,0.95,0.62,0.09,0.021,34.15,21.47,62.93
Lucknow,2022,9,26.8467,80.9462,123,35.0,20.2,30.0,71.8,3.7,0.294,-0.21,0.18,11123,5.39,18.6,0.9,0.55,0.86,0.95,0.62,0.09,0.021,35.12,22.77,63.07
Lucknow,2022,10,26.8467,80.9462,123,29.9,17.5,24.9,50.3,2.7,0.21,-0.35,0.18,11123,5.39,18.6,0.9,0.55,0.86,0.95,0.62,0.09,0.021,30.51,17.94,61.84
Lucknow,2022,11,26.8467,80.9462,123,27.6,12.6,22.6,50.5,2.6,0.21,-0.35,0.18,11123,5.39,18.6,0.9,0.55,0.86,0.95,0.62,0.09,0.021,29.0,16.57,63.98
Lucknow,2022,12,26.8467,80.9462,123,21.9,7.6,16.9,53.3,2.9,0.21,-0.35,0.18,11123,5.39,18.6,0.9,0.55,0.86,0.95,0.62,0.09,0.021,21.17,8.26,61.48
Lucknow,2023,1,26.8467,80.9462,123,18.9,4.0,13.9,52.5,2.3,0.21,-0.35,0.18,11123,5.39,18.6,0.9,0.55,0.86,0.95,0.62,0.09,0.021,19.3,6.77,64.68
Lucknow,2023,2,26.8467,80.9462,123,22.2,7.8,17.2,64.3,2.6,0.21,-0.35,0.18,11123,5.39,18.6,0.9,0.55,0.86,0.95,0.62,0.09,0.021,23.76,11.54,59.23
Lucknow,2023,3,26.8467,80.9462,123,27.1,13.2,22.1,36.8,3.9,0.147,-0.35,0.18,11123,5.39,18.6,0.9,0.55,0.86,0.95,0.62,0.09,0.021,27.82,14.65,66.36
Lucknow,2023,4,26.8467,80.9462,123,35.0,20.6,30.0,25.5,2.1,0.147,-0.35,0.18,11123,5.39,18.6,0.9,0.55,0.86,0.95,0.62,0.09,0.021,35.07,22.59,63.93
Lucknow,2023,5,26.8467,80.9462,123,39.1,26.9,34.1,30.0,3.5,0.147,-0.35,0.18,11123,5.39,18.6,0.9,0.55,0.86,0.95,0.62,0.09,0.021,40.24,27.09,65.96
Lucknow,2023,6,26.8467,80.9462,123,40.2,27.5,35.2,60.5,1.7,0.21,-0.35,0.18,11123,5.39,18.6,0.9,0.55,0.86,0.95,0.62,0.09,0.021,41.25,28.94,63.8
Lucknow,2023,7,26.8467,80.9462,123,36.6,22.8,31.6,82.8,3.7,0.294,-0.21,0.18,11123,5.39,18.6,0.9,0.55,0.86,0.95,0.62,0.09,0.021,37.24,24.84,62.92
Lucknow,2023,8,26.8467,80.9462,123,34.8,21.0,29.8,67.4,1.6,0.294,-0.21,0.18,11123,5.39,18.6,0.9,0.55,0.86,0.95,0.62,0.09,0.021,34.99,22.74,59.91
Lucknow,2023,9,26.8467,80.9462,123,32.3,17.3,27.3,87.2,2.9,0.294,-0.21,0.18,11123,5.39,18.6,0.9,0.55,0.86,0.95,0.62,0.09,0.021,33.25,20.88,64.76
Lucknow,2023,10,26.8467,80.9462,123,31.6,18.4,26.6,54.1,3.0,0.21,-0.35,0.18,11123,5.39,18.6,0.9,0.55,0.86,0.95,0.62,0.09,0.021,32.25,19.38,63.5
Lucknow,2023,11,26.8467,80.9462,123,26.6,13.2,21.6,55.4,1.6,0.21,-0.35,0.18,11123,5.39,18.6,0.9,0.55,0.86,0.95,0.62,0.09,0.021,27.0,14.54,63.42
Lucknow,2023,12,26.8467,80.9462,123,22.0,8.4,17.0,57.7,1.4,0.21,-0.35,0.18,11123,5.39,18.6,0.9,0.55,0.86,0.95,0.62,0.09,0.021,21.42,9.05,64.94
Lucknow,2024,1,26.8467,80.9462,123,19.3,5.2,14.3,62.8,2.5,0.21,-0.35,0.18,11123,5.39,18.6,0.9,0.55,0.86,0.95,0.62,0.09,0.021,20.61,8.12,65.12
Lucknow,2024,2,26.8467,80.9462,123,24.5,11.0,19.5,52.8,2.6,0.21,-0.35,0.18,11123,5.39,18.6,0.9,0.55,0.86,0.95,0.62,0.09,0.021,24.42,11.77,59.35
Lucknow,2024,3,26.8467,80.9462,123,27.2,13.7,22.2,39.4,3.9,0.147,-0.35,0.18,11123,5.39,18.6,0.9,0.55,0.86,0.95,0.62,0.09,0.021,28.77,16.53,63.48
Lucknow,2024,4,26.8467,80.9462,123,35.5,23.0,30.5,43.7,2.6,0.147,-0.35,0.18,11123,5.39,18.6,0.9,0.55,0.86,0.95,0.62,0.09,0.021,36.51,23.54,62.57
Lucknow,2024,5,26.8467,80.9462,123,40.7,28.1,35.7,32.1,3.4,0.147,-0.35,0.18,11123,5.39,18.6,0.9,0.55,0.86,0.95,0.62,0.09,0.021,41.14,29.22,62.18
Lucknow,2024,6,26.8467,80.9462,123,39.3,24.7,34.3,49.4,2.2,0.21,-0.35,0.18,11123,5.39,18.6,0.9,0.55,0.86,0.95,0.62,0.09,0.021,39.78,26.55,62.61
Lucknow,2024,7,26.8467,80.9462,123,37.2,23.8,32.2,66.5,0.8,0.294,-0.21,0.18,11123,5.39,18.6,0.9,0.55,0.86,0.95,0.62,0.09,0.021,37.4,24.64,63.97
Lucknow,2024,8,26.8467,80.9462,123,37.4,23.8,32.4,77.4,1.2,0.294,-0.21,0.18,11123,5.39,18.6,0.9,0.55,0.86,0.95,0.62,0.09,0.021,38.06,25.22,62.87
Lucknow,2024,9,26.8467,80.9462,123,33.8,19.4,28.8,72.6,3.3,0.294,-0.21,0.18,11123,5.39,18.6,0.9,0.55,0.86,0.95,0.62,0.09,0.021,33.97,21.37,62.72
Lucknow,2024,10,26.8467,80.9462,123,33.5,20.6,28.5,46.7,1.8,0.21,-0.35,0.18,11123,5.39,18.6,0.9,0.55,0.86,0.95,0.62,0.09,0.021,33.31,20.77,67.56
Lucknow,2024,11,26.8467,80.9462,123,28.0,15.4,23.0,59.5,1.5,0.21,-0.35,0.18,11123,5.39,18.6,0.9,0.55,0.86,0.95,0.62,0.09,0.021,28.21,15.1,64.7
Lucknow,2024,12,26.8467,80.9462,123,20.5,5.6,15.5,53.1,1.3,0.21,-0.35,0.18,11123,5.39,18.6,0.9,0.55,0.86,0.95,0.62,0.09,0.021,20.39,7.69,57.81
Kanpur,2020,1,26.4499,80.3319,126,19.5,5.2,14.5,61.0,0.7,0.17,-0.28,0.22,8290,3.7,19.4,0.9,0.8,0.62,0.95,0.6,0.067,0.048,20.35,7.47,49.18
Kanpur,2020,2,26.4499,80.3319,126,22.4,9.5,17.4,57.1,1.3,0.17,-0.28,0.22,8290,3.7,19.4,0.9,0.8,0.62,0.95,0.6,0.067,0.048,23.6,10.64,50.81
Kanpur,2020,3,26.4499,80.3319,126,27.2,14.4,22.2,36.2,4.5,0.119,-0.28,0.22,8290,3.7,19.4,0.9,0.8,0.62,0.95,0.6,0.067,0.048,28.3,16.47,47.03
Kanpur,2020,4,26.4499,80.3319,126,36.4,21.9,31.4,45.8,3.3,0.119,-0.28,0.22,8290,3.7,19.4,0.9,0.8,0.62,0.95,0.6,0.067,0.048,37.09,24.66,48.8
Kanpur,2020,5,26.4499,80.3319,126,41.3,28.8,36.3,35.9,3.0,0.119,-0.28,0.22,8290,3.7,19.4,0.9,0.8,0.62,0.95,0.6,0.067,0.048,41.98,29.47,53.41
Kanpur,2020,6,26.4499,80.3319,126,41.0,27.7,36.0,64.6,1.7,0.17,-0.28,0.22,8290,3.7,19.4,0.9,0.8,0.62,0.95,0.6,0.067,0.048,41.98,29.63,45.83
Kanpur,2020,7,26.4499,80.3319,126,36.2,21.5,31.2,76.9,2.7,0.238,-0.168,0.22,8290,3.7,19.4,0.9,0.8,0.62,0.95,0.6,0.067,0.048,35.8,23.46,48.56
Kanpur,2020,8,26.4499,80.3319,126,33.7,19.8,28.7,79.7,1.7,0.238,-0.168,0.22,8290,3.7,19.4,0.9,0.8,0.62,0.95,0.6,0.067,0.048,33.83,21.26,50.58
Kanpur,2020,9,26.4499,80.3319,126,37.1,22.8,32.1,73.7,2.1,0.238,-0.168,0.22,8290,3.7,19.4,0.9,0.8,0.62,0.95,0.6,0.067,0.048,37.73,24.92,51.06
Kanpur,2020,10,26.4499,80.3319,126,32.3,18.1,27.3,61.1,1.3,0.17,-0.28,0.22,8290,3.7,19.4,0.9,0.8,0.62,0.95,0.6,0.067,0.048,32.98,20.57,52.82
Kanpur,2020,11,26.4499,80.3319,126,28.7,16.2,23.7,67.0,2.5,0.17,-0.28,0.22,8290,3.7,19.4,0.9,0.8,0.62,0.95,0.6,0.067,0.048,30.4,17.25,50.81
Kanpur,2020,12,26.4499,80.3319,126,21.4,7.3,16.4,55.9,2.6,0.17,-0.28,0.22,8290,3.7,19.4,0.9,0.8,0.62,0.95,0.6,0.067,0.048,22.25,10.39,49.84
Kanpur,2021,1,26.4499,80.3319,126,19.9,4.9,14.9,50.9,1.2,0.17,-0.28,0.22,8290,3.7,19.4,0.9,0.8,0.62,0.95,0.6,0.067,0.048,20.44,7.86,47.97
Kanpur,2021,2,26.4499,80.3319,126,22.3,8.7,17.3,46.9,0.7,0.17,-0.28,0.22,8290,3.7,19.4,0.9,0.8,0.62,0.95,0.6,0.067,0.048,24.38,11.88,49.07
Kanpur,2021,3,26.4499,80.3319,126,28.5,15.0,23.5,25.0,3.3,0.119,-0.28,0.22,8290,3.7,19.4,0.9,0.8,0.62,0.95,0.6,0.067,0.048,29.6,17.32,48.61
Kanpur,2021,4,26.4499,80.3319,126,35.7,23.4,30.7,37.3,2.4,0.119,-0.28,0.22,8290,3.7,19.4,0.9,0.8,0.62,0.95,0.6,0.067,0.048,37.34,24.63,52.41
Kanpur,2021,5,26.4499,80.3319,126,41.1,29.0,36.1,38.6,2.9,0.119,-0.28,0.22,8290,3.7,19.4,0.9,0.8,0.62,0.95,0.6,0.067,0.048,41.84,28.98,50.55
Kanpur,2021,6,26.4499,80.3319,126,40.2,27.7,35.2,65.0,0.5,0.17,-0.28,0.22,8290,3.7,19.4,0.9,0.8,0.62,0.95,0.6,0.067,0.048,42.89,29.9,53.03
Kanpur,2021,7,26.4499,80.3319,126,37.1,25.0,32.1,86.8,2.7,0.238,-0.168,0.22,8290,3.7,19.4,0.9,0.8,0.62,0.95,0.6,0.067,0.048,37.98,25.28,51.31
Kanpur,2021,8,26.4499,80.3319,126,37.7,25.4,32.7,71.9,2.6,0.238,-0.168,0.22,8290,3.7,19.4,0.9,0.8,0.62,0.95,0.6,0.067,0.048,38.13,25.26,50.45
Kanpur,2021,9,26.4499,80.3319,126,36.5,24.5,31.5,81.1,2.5,0.238,-0.168,0.22,8290,3.7,19.4,0.9,0.8,0.62,0.95,0.6,0.067,0.048,37.07,24.48,50.76
Kanpur,2021,10,26.4499,80.3319,126,32.4,18.5,27.4,42.5,2.5,0.17,-0.28,0.22,8290,3.7,19.4,0.9,0.8,0.62,0.95,0.6,0.067,0.048,32.55,20.42,47.77
Kanpur,2021,11,26.4499,80.3319,126,28.9,14.2,23.9,58.2,2.0,0.17,-0.28,0.22,8290,3.7,19.4,0.9,0.8,0.62,0.95,0.6,0.067,0.048,28.67,15.49,49.16
Kanpur,2021,12,26.4499,80.3319,126,23.0,8.0,18.0,56.4,1.9,0.17,-0.28,0.22,8290,3.7,19.4,0.9,0.8,0.62,0.95,0.6,0.067,0.048,23.42,11.16,54.56
Kanpur,2022,1,26.4499,80.3319,126,17.9,4.1,12.9,58.8,2.2,0.17,-0.28,0.22,8290,3.7,19.4,0.9,0.8,0.62,0.95,0.6,0.067,0.048,18.49,5.35,51.35
Kanpur,2022,2,26.4499,80.3319,126,23.9,11.4,18.9,50.0,2.0,0.17,-0.28,0.22,8290,3.7,19.4,0.9,0.8,0.62,0.95,0.6,0.067,0.048,23.97,11.46,49.93
Kanpur,2022,3,26.4499,80.3319,126,28.2,14.5,23.2,26.5,2.5,0.119,-0.28,0.22,8290,3.7,19.4,0.9,0.8,0.62,0.95,0.6,0.067,0.048,29.27,16.18,51.41
Kanpur,2022,4,26.4499,80.3319,126,37.8,24.3,32.8,34.2,3.6,0.119,-0.28,0.22,8290,3.7,19.4,0.9,0.8,0.62,0.95,0.6,0.067,0.048,39.6,26.84,50.44
Kanpur,2022,5,26.4499,80.3319,126,39.0,26.3,34.0,57.7,2.9,0.119,-0.28,0.22,8290,3.7,19.4,0.9,0.8,0.62,0.95,0.6,0.067,0.048,40.26,27.49,50.74
Kanpur,2022,6,26.4499,80.3319,126,43.9,29.1,38.9,49.2,1.8,0.17,-0.28,0.22,8290,3.7,19.4,0.9,0.8,0.62,0.95,0.6,0.067,0.048,44.72,32.22,48.07
Kanpur,2022,7,26.4499,80.3319,126,35.6,22.9,30.6,83.4,2.7,0.238,-0.168,0.22,8290,3.7,19.4,0.9,0.8,0.62,0.95,0.6,0.067,0.048,36.09,23.75,50.49
Kanpur,2022,8,26.4499,80.3319,126,40.2,25.3,35.2,80.2,1.8,0.238,-0.168,0.22,8290,3.7,19.4,0.9,0.8,0.62,0.95,0.6,0.067,0.048,36.78,24.1,51.89
Kanpur,2022,9,26.4499,80.3319,126,35.4,21.2,30.4,80.5,1.2,0.238,-0.168,0.22,8290,3.7,19.4,0.9,0.8,0.62,0.95,0.6,0.067,0.048,36.88,24.23,50.31
Kanpur,2022,10,26.4499,80.3319,126,34.6,20.8,29.6,61.9,2.2,0.17,-0.28,0.22,8290,3.7,19.4,0.9,0.8,0.62,0.95,0.6,0.067,0.048,35.23,22.44,53.14
Kanpur,2022,11,26.4499,80.3319,126,27.9,13.7,22.9,57.5,0.7,0.17,-0.28,0.22,8290,3.7,19.4,0.9,0.8,0.62,0.95,0.6,0.067,0.048,28.92,16.11,53.07
Kanpur,2022,12,26.4499,80.3319,126,19.2,5.2,14.2,39.5,1.0,0.17,-0.28,0.22,8290,3.7,19.4,0.9,0.8,0.62,0.95,0.6,0.067,0.048,19.97,7.23,47.56
Kanpur,2023,1,26.4499,80.3319,126,20.7,8.2,15.7,68.0,0.7,0.17,-0.28,0.22,8290,3.7,19.4,0.9,0.8,0.62,0.95,0.6,0.067,0.048,21.09,8.42,51.6
Kanpur,2023,2,26.4499,80.3319,126,22.9,8.6,17.9,52.0,1.1,0.17,-0.28,0.22,8290,3.7,19.4,0.9,0.8,0.62,0.95,0.6,0.067,0.048,23.1,10.27,48.98
Kanpur,2023,3,26.4499,80.3319,126,28.5,13.9,23.5,49.4,2.7,0.119,-0.28,0.22,8290,3.7,19.4,0.9,0.8,0.62,0.95,0.6,0.067,0.048,28.86,16.03,51.52
Kanpur,2023,4,26.4499,80.3319,126,36.8,23.6,31.8,31.5,3.6,0.119,-0.28,0.22,8290,3.7,19.4,0.9,0.8,0.62,0.95,0.6,0.067,0.048,37.21,24.44,50.82
Kanpur,2023,5,26.4499,80.3319,126,39.6,25.8,34.6,29.4,0.5,0.119,-0.28,0.22,8290,3.7,19.4,0.9,0.8,0.62,0.95,0.6,0.067,0.048,39.8,27.13,53.84
Kanpur,2023,6,26.4499,80.3319,126,41.0,27.0,36.0,56.9,2.2,0.17,-0.28,0.22,8290,3.7,19.4,0.9,0.8,0.62,0.95,0.6,0.067,0.048,41.03,28.68,51.61
Kanpur,2023,7,26.4499,80.3319,126,37.9,23.7,32.9,80.4,1.7,0.238,-0.168,0.22,8290,3.7,19.4,0.9,0.8,0.62,0.95,0.6,0.067,0.048,39.06,26.72,52.59
Kanpur,2023,8,26.4499,80.3319,126,38.2,24.3,33.2,79.0,2.0,0.238,-0.168,0.22,8290,3.7,19.4,0.9,0.8,0.62,0.95,0.6,0.067,0.048,36.2,23.43,50.31
Kanpur,2023,9,26.4499,80.3319,126,36.8,22.9,31.8,85.9,1.9,0.238,-0.168,0.22,8290,3.7,19.4,0.9,0.8,0.62,0.95,0.6,0.067,0.048,36.85,24.64,50.68
Kanpur,2023,10,26.4499,80.3319,126,33.3,20.3,28.3,56.1,1.4,0.17,-0.28,0.22,8290,3.7,19.4,0.9,0.8,0.62,0.95,0.6,0.067,0.048,34.24,21.71,49.88
Kanpur,2023,11,26.4499,80.3319,126,29.0,15.7,24.0,38.7,2.6,0.17,-0.28,0.22,8290,3.7,19.4,0.9,0.8,0.62,0.95,0.6,0.067,0.048,27.81,15.26,49.2
Kanpur,2023,12,26.4499,80.3319,126,22.7,9.9,17.7,64.0,3.0,0.17,-0.28,0.22,8290,3.7,19.4,0.9,0.8,0.62,0.95,0.6,0.067,0.048,22.89,9.57,51.13
Kanpur,2024,1,26.4499,80.3319,126,20.3,8.2,15.3,53.3,1.4,0.17,-0.28,0.22,8290,3.7,19.4,0.9,0.8,0.62,0.95,0.6,0.067,0.048,20.78,8.68,48.11
Kanpur,2024,2,26.4499,80.3319,126,22.1,7.8,17.1,57.2,1.8,0.17,-0.28,0.22,8290,3.7,19.4,0.9,0.8,0.62,0.95,0.6,0.067,0.048,21.92,9.7,50.09
Kanpur,2024,3,26.4499,80.3319,126,29.9,17.5,24.9,44.9,2.5,0.119,-0.28,0.22,8290,3.7,19.4,0.9,0.8,0.62,0.95,0.6,0.067,0.048,30.56,18.09,52.91
Kanpur,2024,4,26.4499,80.3319,126,36.2,21.8,31.2,24.1,4.1,0.119,-0.28,0.22,8290,3.7,19.4,0.9,0.8,0.62,0.95,0.6,0.067,0.048,36.95,24.83,50.17
Kanpur,2024,5,26.4499,80.3319,126,40.8,28.7,35.8,29.1,3.9,0.119,-0.28,0.22,8290,3.7,19.4,0.9,0.8,0.62,0.95,0.6,0.067,0.048,40.37,27.57,45.4
Kanpur,2024,6,26.4499,80.3319,126,41.9,29.9,36.9,59.2,3.4,0.17,-0.28,0.22,8290,3.7,19.4,0.9,0.8,0.62,0.95,0.6,0.067,0.048,42.44,29.77,50.24
Kanpur,2024,7,26.4499,80.3319,126,39.2,24.8,34.2,76.6,3.4,0.238,-0.168,0.22,8290,3.7,19.4,0.9,0.8,0.62,0.95,0.6,0.067,0.048,37.08,24.35,48.89
Kanpur,2024,8,26.4499,80.3319,126,36.9,22.8,31.9,78.3,1.5,0.238,-0.168,0.22,8290,3.7,19.4,0.9,0.8,0.62,0.95,0.6,0.067,0.048,37.57,24.78,50.8
Kanpur,2024,9,26.4499,80.3319,126,36.7,23.1,31.7,79.0,3.7,0.238,-0.168,0.22,8290,3.7,19.4,0.9,0.8,0.62,0.95,0.6,0.067,0.048,37.46,24.63,52.43
Kanpur,2024,10,26.4499,80.3319,126,32.1,18.4,27.1,54.8,3.7,0.17,-0.28,0.22,8290,3.7,19.4,0.9,0.8,0.62,0.95,0.6,0.067,0.048,32.84,20.24,48.19
Kanpur,2024,11,26.4499,80.3319,126,26.4,12.2,21.4,41.7,2.3,0.17,-0.28,0.22,8290,3.7,19.4,0.9,0.8,0.62,0.95,0.6,0.067,0.048,27.61,14.61,51.38
Kanpur,2024,12,26.4499,80.3319,126,22.9,8.2,17.9,63.6,2.0,0.17,-0.28,0.22,8290,3.7,19.4,0.9,0.8,0.62,0.95,0.6,0.067,0.048,22.2,9.26,47.13
Agra,2020,1,27.1767,78.0081,171,18.1,4.0,13.1,66.0,1.5,0.14,-0.38,0.25,11253,2.89,20.0,0.9,0.6,0.82,0.95,0.58,0.053,0.035,18.43,5.92,66.62
Agra,2020,2,27.1767,78.0081,171,23.6,10.5,18.6,61.2,0.5,0.14,-0.38,0.25,11253,2.89,20.0,0.9,0.6,0.82,0.95,0.58,0.053,0.035,24.71,11.87,62.96
Agra,2020,3,27.1767,78.0081,171,27.7,12.8,22.7,51.6,3.0,0.098,-0.38,0.25,11253,2.89,20.0,0.9,0.6,0.82,0.95,0.58,0.053,0.035,29.15,16.51,66.09
Agra,2020,4,27.1767,78.0081,171,37.9,24.0,32.9,24.4,3.1,0.098,-0.38,0.25,11253,2.89,20.0,0.9,0.6,0.82,0.95,0.58,0.053,0.035,38.01,25.18,62.07
Agra,2020,5,27.1767,78.0081,171,41.8,29.2,36.8,44.3,4.5,0.098,-0.38,0.25,11253,2.89,20.0,0.9,0.6,0.82,0.95,0.58,0.053,0.035,42.93,30.43,68.71
Agra,2020,6,27.1767,78.0081,171,43.2,30.3,38.2,60.9,1.9,0.14,-0.38,0.25,11253,2.89,20.0,0.9,0.6,0.82,0.95,0.58,0.053,0.035,44.2,31.28,66.36
Agra,2020,7,27.1767,78.0081,171,37.9,25.5,32.9,63.5,3.7,0.196,-0.228,0.25,11253,2.89,20.0,0.9,0.6,0.82,0.95,0.58,0.053,0.035,38.67,25.97,67.17
Agra,2020,8,27.1767,78.0081,171,36.6,22.5,31.6,77.0,2.2,0.196,-0.228,0.25,11253,2.89,20.0,0.9,0.6,0.82,0.95,0.58,0.053,0.035,37.24,24.68,66.82
Agra,2020,9,27.1767,78.0081,171,36.6,23.4,31.6,83.9,2.5,0.196,-0.228,0.25,11253,2.89,20.0,0.9,0.6,0.82,0.95,0.58,0.053,0.035,38.34,25.88,66.88
Agra,2020,10,27.1767,78.0081,171,32.3,17.7,27.3,67.9,2.4,0.14,-0.38,0.25,11253,2.89,20.0,0.9,0.6,0.82,0.95,0.58,0.053,0.035,32.92,20.26,68.28
Agra,2020,11,27.1767,78.0081,171,25.6,12.0,20.6,66.0,1.9,0.14,-0.38,0.25,11253,2.89,20.0,0.9,0.6,0.82,0.95,0.58,0.053,0.035,26.19,13.75,67.4
Agra,2020,12,27.1767,78.0081,171,22.2,9.5,17.2,49.9,0.9,0.14,-0.38,0.25,11253,2.89,20.0,0.9,0.6,0.82,0.95,0.58,0.053,0.035,22.19,8.94,64.49
Agra,2021,1,27.1767,78.0081,171,20.2,8.1,15.2,52.4,0.5,0.14,-0.38,0.25,11253,2.89,20.0,0.9,0.6,0.82,0.95,0.58,0.053,0.035,20.56,8.14,69.33
Agra,2021,2,27.1767,78.0081,171,25.4,11.0,20.4,66.1,2.5,0.14,-0.38,0.25,11253,2.89,20.0,0.9,0.6,0.82,0.95,0.58,0.053,0.035,26.28,13.07,69.16
Agra,2021,3,27.1767,78.0081,171,28.7,14.3,23.7,39.0,2.5,0.098,-0.38,0.25,11253,2.89,20.0,0.9,0.6,0.82,0.95,0.58,0.053,0.035,30.3,17.49,67.37
Agra,2021,4,27.1767,78.0081,171,36.3,23.8,31.3,30.2,3.3,0.098,-0.38,0.25,11253,2.89,20.0,0.9,0.6,0.82,0.95,0.58,0.053,0.035,36.12,23.49,69.29
Agra,2021,5,27.1767,78.0081,171,41.2,26.8,36.2,44.4,3.5,0.098,-0.38,0.25,11253,2.89,20.0,0.9,0.6,0.82,0.95,0.58,0.053,0.035,42.82,30.62,66.71
Agra,2021,6,27.1767,78.0081,171,43.8,31.1,38.8,55.4,2.0,0.14,-0.38,0.25,11253,2.89,20.0,0.9,0.6,0.82,0.95,0.58,0.053,0.035,44.48,31.75,67.21
Agra,2021,7,27.1767,78.0081,171,38.7,24.2,33.7,74.5,1.4,0.196,-0.228,0.25,11253,2.89,20.0,0.9,0.6,0.82,0.95,0.58,0.053,0.035,39.36,26.95,65.66
Agra,2021,8,27.1767,78.0081,171,37.8,23.6,32.8,72.1,2.2,0.196,-0.228,0.25,11253,2.89,20.0,0.9,0.6,0.82,0.95,0.58,0.053,0.035,39.89,26.89,66.74
Agra,2021,9,27.1767,78.0081,171,35.9,20.9,30.9,71.2,1.9,0.196,-0.228,0.25,11253,2.89,20.0,0.9,0.6,0.82,0.95,0.58,0.053,0.035,37.21,24.82,69.51
Agra,2021,10,27.1767,78.0081,171,36.4,23.6,31.4,59.6,3.3,0.14,-0.38,0.25,11253,2.89,20.0,0.9,0.6,0.82,0.95,0.58,0.053,0.035,38.01,25.03,63.39
Agra,2021,11,27.1767,78.0081,171,26.5,12.9,21.5,42.6,2.3,0.14,-0.38,0.25,11253,2.89,20.0,0.9,0.6,0.82,0.95,0.58,0.053,0.035,27.03,14.1,65.87
Agra,2021,12,27.1767,78.0081,171,23.2,9.5,18.2,49.4,2.0,0.14,-0.38,0.25,11253,2.89,20.0,0.9,0.6,0.82,0.95,0.58,0.053,0.035,23.12,10.0,67.65
Agra,2022,1,27.1767,78.0081,171,18.4,3.6,13.4,64.9,2.9,0.14,-0.38,0.25,11253,2.89,20.0,0.9,0.6,0.82,0.95,0.58,0.053,0.035,19.86,6.84,66.43
Agra,2022,2,27.1767,78.0081,171,24.1,11.8,19.1,73.6,2.3,0.14,-0.38,0.25,11253,2.89,20.0,0.9,0.6,0.82,0.95,0.58,0.053,0.035,24.6,11.43,66.41
Agra,2022,3,27.1767,78.0081,171,28.6,15.4,23.6,26.7,1.7,0.098,-0.38,0.25,11253,2.89,20.0,0.9,0.6,0.82,0.95,0.58,0.053,0.035,29.98,17.38,67.43
Agra,2022,4,27.1767,78.0081,171,38.1,25.0,33.1,40.8,3.4,0.098,-0.38,0.25,11253,2.89,20.0,0.9,0.6,0.82,0.95,0.58,0.053,0.035,40.12,27.03,67.94
Agra,2022,5,27.1767,78.0081,171,43.6,29.7,38.6,31.0,3.5,0.098,-0.38,0.25,11253,2.89,20.0,0.9,0.6,0.82,0.95,0.58,0.053,0.035,44.72,31.81,65.79
Agra,2022,6,27.1767,78.0081,171,43.1,29.9,38.1,55.1,1.0,0.14,-0.38,0.25,11253,2.89,20.0,0.9,0.6,0.82,0.95,0.58,0.053,0.035,44.01,31.32,71.19
Agra,2022,7,27.1767,78.0081,171,38.0,24.1,33.0,68.1,1.2,0.196,-0.228,0.25,11253,2.89,20.0,0.9,0.6,0.82,0.95,0.58,0.053,0.035,38.49,25.9,66.37
Agra,2022,8,27.1767,78.0081,171,36.9,24.7,31.9,76.9,3.2,0.196,-0.228,0.25,11253,2.89,20.0,0.9,0.6,0.82,0.95,0.58,0.053,0.035,38.03,24.9,64.33
Agra,2022,9,27.1767,78.0081,171,35.7,21.3,30.7,78.9,2.1,0.196,-0.228,0.25,11253,2.89,20.0,0.9,0.6,0.82,0.95,0.58,0.053,0.035,36.55,23.69,64.85
Agra,2022,10,27.1767,78.0081,171,34.3,21.2,29.3,44.1,1.8,0.14,-0.38,0.25,11253,2.89,20.0,0.9,0.6,0.82,0.95,0.58,0.053,0.035,33.97,21.5,67.26
Agra,2022,11,27.1767,78.0081,171,31.9,19.5,26.9,54.9,2.7,0.14,-0.38,0.25,11253,2.89,20.0,0.9,0.6,0.82,0.95,0.58,0.053,0.035,30.03,17.54,67.79
Agra,2022,12,27.1767,78.0081,171,21.0,6.5,16.0,39.3,3.6,0.14,-0.38,0.25,11253,2.89,20.0,0.9,0.6,0.82,0.95,0.58,0.053,0.035,21.04,8.35,66.23
Agra,2023,1,27.1767,78.0081,171,19.2,4.8,14.2,51.4,1.3,0.14,-0.38,0.25,11253,2.89,20.0,0.9,0.6,0.82,0.95,0.58,0.053,0.035,20.27,7.38,64.5
Agra,2023,2,27.1767,78.0081,171,20.9,7.0,15.9,54.3,2.7,0.14,-0.38,0.25,11253,2.89,20.0,0.9,0.6,0.82,0.95,0.58,0.053,0.035,21.1,8.66,65.05
Agra,2023,3,27.1767,78.0081,171,30.1,16.1,25.1,40.6,3.6,0.098,-0.38,0.25,11253,2.89,20.0,0.9,0.6,0.82,0.95,0.58,0.053,0.035,31.51,19.15,69.39
Agra,2023,4,27.1767,78.0081,171,39.3,26.7,34.3,46.8,4.7,0.098,-0.38,0.25,11253,2.89,20.0,0.9,0.6,0.82,0.95,0.58,0.053,0.035,40.35,27.65,63.57
Agra,2023,5,27.1767,78.0081,171,43.9,29.6,38.9,35.0,3.8,0.098,-0.38,0.25,11253,2.89,20.0,0.9,0.6,0.82,0.95,0.58,0.053,0.035,45.55,33.1,64.75
Agra,2023,6,27.1767,78.0081,171,42.3,28.1,37.3,66.6,3.4,0.14,-0.38,0.25,11253,2.89,20.0,0.9,0.6,0.82,0.95,0.58,0.053,0.035,43.28,31.18,64.98
Agra,2023,7,27.1767,78.0081,171,39.0,25.2,34.0,71.6,0.6,0.196,-0.228,0.25,11253,2.89,20.0,0.9,0.6,0.82,0.95,0.58,0.053,0.035,40.65,27.79,64.59
Agra,2023,8,27.1767,78.0081,171,34.9,20.4,29.9,79.5,2.2,0.196,-0.228,0.25,11253,2.89,20.0,0.9,0.6,0.82,0.95,0.58,0.053,0.035,35.52,22.68,66.88
Agra,2023,9,27.1767,78.0081,171,36.5,22.9,31.5,81.7,1.2,0.196,-0.228,0.25,11253,2.89,20.0,0.9,0.6,0.82,0.95,0.58,0.053,0.035,37.41,24.58,69.48
Agra,2023,10,27.1767,78.0081,171,34.5,20.9,29.5,59.0,2.6,0.14,-0.38,0.25,11253,2.89,20.0,0.9,0.6,0.82,0.95,0.58,0.053,0.035,35.57,22.62,65.21
Agra,2023,11,27.1767,78.0081,171,28.2,14.8,23.2,62.2,1.5,0.14,-0.38,0.25,11253,2.89,20.0,0.9,0.6,0.82,0.95,0.58,0.053,0.035,30.35,17.77,62.74
Agra,2023,12,27.1767,78.0081,171,22.5,9.9,17.5,60.8,3.2,0.14,-0.38,0.25,11253,2.89,20.0,0.9,0.6,0.82,0.95,0.58,0.053,0.035,23.23,10.23,65.1
Agra,2024,1,27.1767,78.0081,171,20.9,6.3,15.9,46.1,1.6,0.14,-0.38,0.25,11253,2.89,20.0,0.9,0.6,0.82,0.95,0.58,0.053,0.035,21.93,9.14,66.29
Agra,2024,2,27.1767,78.0081,171,22.5,10.5,17.5,68.4,1.4,0.14,-0.38,0.25,11253,2.89,20.0,0.9,0.6,0.82,0.95,0.58,0.053,0.035,24.07,11.2,66.71
Agra,2024,3,27.1767,78.0081,171,27.7,13.9,22.7,33.1,5.4,0.098,-0.38,0.25,11253,2.89,20.0,0.9,0.6,0.82,0.95,0.58,0.053,0.035,29.3,16.38,71.38
Agra,2024,4,27.1767,78.0081,171,39.7,25.6,34.7,51.2,2.9,0.098,-0.38,0.25,11253,2.89,20.0,0.9,0.6,0.82,0.95,0.58,0.053,0.035,41.27,28.7,67.82
Agra,2024,5,27.1767,78.0081,171,42.7,28.5,37.7,38.6,4.0,0.098,-0.38,0.25,11253,2.89,20.0,0.9,0.6,0.82,0.95,0.58,0.053,0.035,44.64,31.55,65.88
Agra,2024,6,27.1767,78.0081,171,41.7,28.5,36.7,64.2,1.8,0.14,-0.38,0.25,11253,2.89,20.0,0.9,0.6,0.82,0.95,0.58,0.053,0.035,42.04,29.85,68.71
Agra,2024,7,27.1767,78.0081,171,40.7,25.9,35.7,81.9,0.5,0.196,-0.228,0.25,11253,2.89,20.0,0.9,0.6,0.82,0.95,0.58,0.053,0.035,42.53,29.63,64.03
Agra,2024,8,27.1767,78.0081,171,37.1,24.9,32.1,72.4,2.0,0.196,-0.228,0.25,11253,2.89,20.0,0.9,0.6,0.82,0.95,0.58,0.053,0.035,37.97,24.74,67.29
Agra,2024,9,27.1767,78.0081,171,36.6,22.6,31.6,72.5,2.3,0.196,-0.228,0.25,11253,2.89,20.0,0.9,0.6,0.82,0.95,0.58,0.053,0.035,38.35,26.1,65.35
Agra,2024,10,27.1767,78.0081,171,32.9,18.6,27.9,48.3,1.3,0.14,-0.38,0.25,11253,2.89,20.0,0.9,0.6,0.82,0.95,0.58,0.053,0.035,34.06,21.25,64.51
Agra,2024,11,27.1767,78.0081,171,31.1,19.0,26.1,62.1,2.6,0.14,-0.38,0.25,11253,2.89,20.0,0.9,0.6,0.82,0.95,0.58,0.053,0.035,30.45,17.69,64.77
Agra,2024,12,27.1767,78.0081,171,21.5,7.3,16.5,42.5,1.6,0.14,-0.38,0.25,11253,2.89,20.0,0.9,0.6,0.82,0.95,0.58,0.053,0.035,22.58,9.86,67.67
Varanasi,2020,1,25.3176,82.9739,81,17.0,2.4,12.0,64.3,1.4,0.23,-0.22,0.15,9371,2.05,18.0,0.9,0.45,0.64,0.95,0.55,0.103,0.052,17.99,5.14,57.68
Varanasi,2020,2,25.3176,82.9739,81,21.1,7.7,16.1,48.4,2.1,0.23,-0.22,0.15,9371,2.05,18.0,0.9,0.45,0.64,0.95,0.55,0.103,0.052,21.88,10.22,52.26
Varanasi,2020,3,25.3176,82.9739,81,26.2,11.8,21.2,60.6,3.5,0.161,-0.22,0.15,9371,2.05,18.0,0.9,0.45,0.64,0.95,0.55,0.103,0.052,26.29,13.71,56.88
Varanasi,2020,4,25.3176,82.9739,81,34.0,19.7,29.0,35.2,2.5,0.161,-0.22,0.15,9371,2.05,18.0,0.9,0.45,0.64,0.95,0.55,0.103,0.052,33.84,21.37,51.6
Varanasi,2020,5,25.3176,82.9739,81,37.8,25.5,32.8,39.2,3.3,0.161,-0.22,0.15,9371,2.05,18.0,0.9,0.45,0.64,0.95,0.55,0.103,0.052,37.95,25.39,53.88
Varanasi,2020,6,25.3176,82.9739,81,42.7,29.8,37.7,55.9,0.8,0.23,-0.22,0.15,9371,2.05,18.0,0.9,0.45,0.64,0.95,0.55,0.103,0.052,43.69,31.39,55.47
Varanasi,2020,7,25.3176,82.9739,81,35.0,20.6,30.0,82.3,2.4,0.322,-0.132,0.15,9371,2.05,18.0,0.9,0.45,0.64,0.95,0.55,0.103,0.052,35.96,23.86,53.93
Varanasi,2020,8,25.3176,82.9739,81,33.2,20.6,28.2,76.3,1.7,0.322,-0.132,0.15,9371,2.05,18.0,0.9,0.45,0.64,0.95,0.55,0.103,0.052,33.74,21.16,52.32
Varanasi,2020,9,25.3176,82.9739,81,33.9,18.9,28.9,85.1,1.9,0.322,-0.132,0.15,9371,2.05,18.0,0.9,0.45,0.64,0.95,0.55,0.103,0.052,34.58,22.07,50.53
Varanasi,2020,10,25.3176,82.9739,81,34.9,20.2,29.9,69.3,2.2,0.23,-0.22,0.15,9371,2.05,18.0,0.9,0.45,0.64,0.95,0.55,0.103,0.052,32.76,20.74,50.48
Varanasi,2020,11,25.3176,82.9739,81,26.4,11.9,21.4,57.8,1.8,0.23,-0.22,0.15,9371,2.05,18.0,0.9,0.45,0.64,0.95,0.55,0.103,0.052,26.1,13.75,52.26
Varanasi,2020,12,25.3176,82.9739,81,17.7,3.2,12.7,59.4,1.3,0.23,-0.22,0.15,9371,2.05,18.0,0.9,0.45,0.64,0.95,0.55,0.103,0.052,16.93,4.3,55.45
Varanasi,2021,1,25.3176,82.9739,81,18.7,4.2,13.7,65.1,0.8,0.23,-0.22,0.15,9371,2.05,18.0,0.9,0.45,0.64,0.95,0.55,0.103,0.052,18.6,6.03,51.01
Varanasi,2021,2,25.3176,82.9739,81,23.7,11.5,18.7,64.6,1.1,0.23,-0.22,0.15,9371,2.05,18.0,0.9,0.45,0.64,0.95,0.55,0.103,0.052,24.06,11.61,51.05
Varanasi,2021,3,25.3176,82.9739,81,28.3,15.7,23.3,50.1,1.6,0.161,-0.22,0.15,9371,2.05,18.0,0.9,0.45,0.64,0.95,0.55,0.103,0.052,28.08,15.81,51.91
Varanasi,2021,4,25.3176,82.9739,81,35.1,20.4,30.1,27.9,4.3,0.161,-0.22,0.15,9371,2.05,18.0,0.9,0.45,0.64,0.95,0.55,0.103,0.052,35.48,23.08,53.56
Varanasi,2021,5,25.3176,82.9739,81,40.2,27.9,35.2,51.0,3.8,0.161,-0.22,0.15,9371,2.05,18.0,0.9,0.45,0.64,0.95,0.55,0.103,0.052,41.43,28.94,50.91
Varanasi,2021,6,25.3176,82.9739,81,39.1,24.4,34.1,51.5,2.6,0.23,-0.22,0.15,9371,2.05,18.0,0.9,0.45,0.64,0.95,0.55,0.103,0.052,39.02,26.55,53.52
Varanasi,2021,7,25.3176,82.9739,81,35.6,22.0,30.6,76.1,2.3,0.322,-0.132,0.15,9371,2.05,18.0,0.9,0.45,0.64,0.95,0.55,0.103,0.052,36.06,23.33,55.03
Varanasi,2021,8,25.3176,82.9739,81,33.2,20.3,28.2,70.0,2.6,0.322,-0.132,0.15,9371,2.05,18.0,0.9,0.45,0.64,0.95,0.55,0.103,0.052,33.48,20.93,52.82
Varanasi,2021,9,25.3176,82.9739,81,34.7,20.2,29.7,75.7,1.4,0.322,-0.132,0.15,9371,2.05,18.0,0.9,0.45,0.64,0.95,0.55,0.103,0.052,35.86,23.38,52.52
Varanasi,2021,10,25.3176,82.9739,81,31.5,18.2,26.5,60.2,4.2,0.23,-0.22,0.15,9371,2.05,18.0,0.9,0.45,0.64,0.95,0.55,0.103,0.052,31.25,18.87,54.81
Varanasi,2021,11,25.3176,82.9739,81,25.5,11.4,20.5,46.1,3.0,0.23,-0.22,0.15,9371,2.05,18.0,0.9,0.45,0.64,0.95,0.55,0.103,0.052,24.37,12.07,55.6
Varanasi,2021,12,25.3176,82.9739,81,22.0,8.2,17.0,58.4,2.1,0.23,-0.22,0.15,9371,2.05,18.0,0.9,0.45,0.64,0.95,0.55,0.103,0.052,22.51,9.58,52.36
Varanasi,2022,1,25.3176,82.9739,81,18.8,6.2,13.8,37.3,1.8,0.23,-0.22,0.15,9371,2.05,18.0,0.9,0.45,0.64,0.95,0.55,0.103,0.052,20.0,7.36,53.24
Varanasi,2022,2,25.3176,82.9739,81,21.3,6.9,16.3,52.5,1.4,0.23,-0.22,0.15,9371,2.05,18.0,0.9,0.45,0.64,0.95,0.55,0.103,0.052,19.16,6.94,53.02
Varanasi,2022,3,25.3176,82.9739,81,28.2,14.7,23.2,32.5,3.2,0.161,-0.22,0.15,9371,2.05,18.0,0.9,0.45,0.64,0.95,0.55,0.103,0.052,29.84,17.5,52.49
Varanasi,2022,4,25.3176,82.9739,81,33.7,19.0,28.7,22.0,1.9,0.161,-0.22,0.15,9371,2.05,18.0,0.9,0.45,0.64,0.95,0.55,0.103,0.052,34.13,22.01,52.06
Varanasi,2022,5,25.3176,82.9739,81,40.2,27.9,35.2,41.5,5.1,0.161,-0.22,0.15,9371,2.05,18.0,0.9,0.45,0.64,0.95,0.55,0.103,0.052,41.39,29.22,51.77
Varanasi,2022,6,25.3176,82.9739,81,40.1,27.9,35.1,53.9,2.1,0.23,-0.22,0.15,9371,2.05,18.0,0.9,0.45,0.64,0.95,0.55,0.103,0.052,40.06,26.95,51.08
Varanasi,2022,7,25.3176,82.9739,81,35.2,21.4,30.2,78.1,2.6,0.322,-0.132,0.15,9371,2.05,18.0,0.9,0.45,0.64,0.95,0.55,0.103,0.052,35.43,23.35,55.17
Varanasi,2022,8,25.3176,82.9739,81,34.2,21.3,29.2,77.8,1.8,0.322,-0.132,0.15,9371,2.05,18.0,0.9,0.45,0.64,0.95,0.55,0.103,0.052,34.87,22.61,52.97
Varanasi,2022,9,25.3176,82.9739,81,37.1,23.1,32.1,80.1,1.5,0.322,-0.132,0.15,9371,2.05,18.0,0.9,0.45,0.64,0.95,0.55,0.103,0.052,36.87,23.83,54.32
Varanasi,2022,10,25.3176,82.9739,81,33.9,19.2,28.9,57.3,2.2,0.23,-0.22,0.15,9371,2.05,18.0,0.9,0.45,0.64,0.95,0.55,0.103,0.052,33.36,20.58,52.32
Varanasi,2022,11,25.3176,82.9739,81,23.9,10.6,18.9,64.0,1.1,0.23,-0.22,0.15,9371,2.05,18.0,0.9,0.45,0.64,0.95,0.55,0.103,0.052,23.57,10.57,55.2
Varanasi,2022,12,25.3176,82.9739,81,19.6,6.4,14.6,50.5,1.8,0.23,-0.22,0.15,9371,2.05,18.0,0.9,0.45,0.64,0.95,0.55,0.103,0.052,19.42,6.84,52.95
Varanasi,2023,1,25.3176,82.9739,81,20.2,6.7,15.2,57.2,1.4,0.23,-0.22,0.15,9371,2.05,18.0,0.9,0.45,0.64,0.95,0.55,0.103,0.052,19.87,6.93,55.4
Varanasi,2023,2,25.3176,82.9739,81,24.8,12.7,19.8,46.2,1.7,0.23,-0.22,0.15,9371,2.05,18.0,0.9,0.45,0.64,0.95,0.55,0.103,0.052,22.94,10.35,52.65
Varanasi,2023,3,25.3176,82.9739,81,27.3,12.8,22.3,42.3,3.7,0.161,-0.22,0.15,9371,2.05,18.0,0.9,0.45,0.64,0.95,0.55,0.103,0.052,28.42,16.14,52.26
Varanasi,2023,4,25.3176,82.9739,81,35.6,22.0,30.6,41.8,2.3,0.161,-0.22,0.15,9371,2.05,18.0,0.9,0.45,0.64,0.95,0.55,0.103,0.052,36.16,23.84,49.71
Varanasi,2023,5,25.3176,82.9739,81,39.9,26.9,34.9,31.3,3.6,0.161,-0.22,0.15,9371,2.05,18.0,0.9,0.45,0.64,0.95,0.55,0.103,0.052,40.74,27.75,51.77
Varanasi,2023,6,25.3176,82.9739,81,39.5,25.8,34.5,57.3,2.7,0.23,-0.22,0.15,9371,2.05,18.0,0.9,0.45,0.64,0.95,0.55,0.103,0.052,39.48,27.11,57.0
Varanasi,2023,7,25.3176,82.9739,81,32.8,18.2,27.8,79.2,2.2,0.322,-0.132,0.15,9371,2.05,18.0,0.9,0.45,0.64,0.95,0.55,0.103,0.052,33.7,21.11,52.64
Varanasi,2023,8,25.3176,82.9739,81,36.2,21.3,31.2,77.4,1.1,0.322,-0.132,0.15,9371,2.05,18.0,0.9,0.45,0.64,0.95,0.55,0.103,0.052,36.71,24.14,53.39
Varanasi,2023,9,25.3176,82.9739,81,35.1,21.6,30.1,74.4,2.2,0.322,-0.132,0.15,9371,2.05,18.0,0.9,0.45,0.64,0.95,0.55,0.103,0.052,35.25,22.27,55.38
Varanasi,2023,10,25.3176,82.9739,81,28.6,13.7,23.6,58.3,3.2,0.23,-0.22,0.15,9371,2.05,18.0,0.9,0.45,0.64,0.95,0.55,0.103,0.052,29.35,16.97,52.75
Varanasi,2023,11,25.3176,82.9739,81,25.6,10.8,20.6,63.0,3.9,0.23,-0.22,0.15,9371,2.05,18.0,0.9,0.45,0.64,0.95,0.55,0.103,0.052,25.82,13.31,55.12
Varanasi,2023,12,25.3176,82.9739,81,20.6,7.5,15.6,51.7,1.4,0.23,-0.22,0.15,9371,2.05,18.0,0.9,0.45,0.64,0.95,0.55,0.103,0.052,20.65,8.08,55.1
Varanasi,2024,1,25.3176,82.9739,81,18.2,3.9,13.2,60.7,2.3,0.23,-0.22,0.15,9371,2.05,18.0,0.9,0.45,0.64,0.95,0.55,0.103,0.052,18.84,6.67,53.88
Varanasi,2024,2,25.3176,82.9739,81,21.7,8.5,16.7,48.4,2.0,0.23,-0.22,0.15,9371,2.05,18.0,0.9,0.45,0.64,0.95,0.55,0.103,0.052,22.34,10.1,53.56
Varanasi,2024,3,25.3176,82.9739,81,26.9,13.4,21.9,46.1,3.0,0.161,-0.22,0.15,9371,2.05,18.0,0.9,0.45,0.64,0.95,0.55,0.103,0.052,27.08,14.39,52.24
Varanasi,2024,4,25.3176,82.9739,81,34.4,19.6,29.4,48.7,2.9,0.161,-0.22,0.15,9371,2.05,18.0,0.9,0.45,0.64,0.95,0.55,0.103,0.052,35.22,23.06,49.64
Varanasi,2024,5,25.3176,82.9739,81,40.5,26.6,35.5,40.2,1.8,0.161,-0.22,0.15,9371,2.05,18.0,0.9,0.45,0.64,0.95,0.55,0.103,0.052,40.66,28.13,48.85
Varanasi,2024,6,25.3176,82.9739,81,40.9,26.8,35.9,46.2,2.6,0.23,-0.22,0.15,9371,2.05,18.0,0.9,0.45,0.64,0.95,0.55,0.103,0.052,39.39,27.0,56.46
Varanasi,2024,7,25.3176,82.9739,81,35.1,22.7,30.1,82.4,0.5,0.322,-0.132,0.15,9371,2.05,18.0,0.9,0.45,0.64,0.95,0.55,0.103,0.052,35.78,23.65,58.37
Varanasi,2024,8,25.3176,82.9739,81,37.4,22.9,32.4,76.4,2.1,0.322,-0.132,0.15,9371,2.05,18.0,0.9,0.45,0.64,0.95,0.55,0.103,0.052,34.16,21.76,51.21
Varanasi,2024,9,25.3176,82.9739,81,32.5,19.2,27.5,82.4,2.2,0.322,-0.132,0.15,9371,2.05,18.0,0.9,0.45,0.64,0.95,0.55,0.103,0.052,33.49,20.96,51.3
Varanasi,2024,10,25.3176,82.9739,81,32.2,20.2,27.2,66.4,2.7,0.23,-0.22,0.15,9371,2.05,18.0,0.9,0.45,0.64,0.95,0.55,0.103,0.052,31.88,19.65,52.72
Varanasi,2024,11,25.3176,82.9739,81,26.5,12.2,21.5,56.6,1.5,0.23,-0.22,0.15,9371,2.05,18.0,0.9,0.45,0.64,0.95,0.55,0.103,0.052,26.38,13.98,52.99
Varanasi,2024,12,25.3176,82.9739,81,19.8,7.2,14.8,43.4,0.5,0.23,-0.22,0.15,9371,2.05,18.0,0.9,0.45,0.64,0.95,0.55,0.103,0.052,19.86,7.45,53.67
Prayagraj,2020,1,25.4358,81.8463,98,16.6,4.0,11.6,45.9,2.8,0.22,-0.18,0.16,8258,2.37,18.2,0.9,0.45,0.56,0.95,0.54,0.093,0.072,16.14,4.03,47.05
Prayagraj,2020,2,25.4358,81.8463,98,21.2,7.3,16.2,48.0,2.9,0.22,-0.18,0.16,8258,2.37,18.2,0.9,0.45,0.56,0.95,0.54,0.093,0.072,22.13,10.13,46.21
Prayagraj,2020,3,25.4358,81.8463,98,29.1,16.3,24.1,38.4,3.5,0.154,-0.18,0.16,8258,2.37,18.2,0.9,0.45,0.56,0.95,0.54,0.093,0.072,29.21,16.79,47.39
Prayagraj,2020,4,25.4358,81.8463,98,33.1,21.1,28.1,64.1,4.3,0.154,-0.18,0.16,8258,2.37,18.2,0.9,0.45,0.56,0.95,0.54,0.093,0.072,33.37,20.55,47.25
Prayagraj,2020,5,25.4358,81.8463,98,40.5,28.1,35.5,47.2,3.9,0.154,-0.18,0.16,8258,2.37,18.2,0.9,0.45,0.56,0.95,0.54,0.093,0.072,40.66,28.79,48.12
Prayagraj,2020,6,25.4358,81.8463,98,39.0,27.0,34.0,45.1,0.8,0.22,-0.18,0.16,8258,2.37,18.2,0.9,0.45,0.56,0.95,0.54,0.093,0.072,39.44,27.02,49.65
Prayagraj,2020,7,25.4358,81.8463,98,35.5,21.3,30.5,73.9,1.9,0.308,-0.108,0.16,8258,2.37,18.2,0.9,0.45,0.56,0.95,0.54,0.093,0.072,35.55,23.27,49.04
Prayagraj,2020,8,25.4358,81.8463,98,32.0,19.4,27.0,71.7,1.5,0.308,-0.108,0.16,8258,2.37,18.2,0.9,0.45,0.56,0.95,0.54,0.093,0.072,32.02,19.53,48.76
Prayagraj,2020,9,25.4358,81.8463,98,34.2,21.4,29.2,83.7,3.3,0.308,-0.108,0.16,8258,2.37,18.2,0.9,0.45,0.56,0.95,0.54,0.093,0.072,33.95,21.58,50.52
Prayagraj,2020,10,25.4358,81.8463,98,29.7,17.3,24.7,52.4,2.1,0.22,-0.18,0.16,8258,2.37,18.2,0.9,0.45,0.56,0.95,0.54,0.093,0.072,30.84,18.29,47.16
Prayagraj,2020,11,25.4358,81.8463,98,24.9,10.5,19.9,55.1,1.8,0.22,-0.18,0.16,8258,2.37,18.2,0.9,0.45,0.56,0.95,0.54,0.093,0.072,24.65,12.18,48.86
Prayagraj,2020,12,25.4358,81.8463,98,19.5,7.4,14.5,43.6,1.8,0.22,-0.18,0.16,8258,2.37,18.2,0.9,0.45,0.56,0.95,0.54,0.093,0.072,21.0,7.95,46.56
Prayagraj,2021,1,25.4358,81.8463,98,19.3,4.4,14.3,44.1,2.2,0.22,-0.18,0.16,8258,2.37,18.2,0.9,0.45,0.56,0.95,0.54,0.093,0.072,19.29,6.82,48.35
Prayagraj,2021,2,25.4358,81.8463,98,20.8,7.4,15.8,49.9,2.4,0.22,-0.18,0.16,8258,2.37,18.2,0.9,0.45,0.56,0.95,0.54,0.093,0.072,21.25,8.59,47.74
Prayagraj,2021,3,25.4358,81.8463,98,26.6,14.6,21.6,43.6,3.2,0.154,-0.18,0.16,8258,2.37,18.2,0.9,0.45,0.56,0.95,0.54,0.093,0.072,27.03,14.97,50.04
Prayagraj,2021,4,25.4358,81.8463,98,34.7,20.5,29.7,48.8,3.0,0.154,-0.18,0.16,8258,2.37,18.2,0.9,0.45,0.56,0.95,0.54,0.093,0.072,35.68,23.13,48.95
Prayagraj,2021,5,25.4358,81.8463,98,39.4,24.4,34.4,33.5,4.2,0.154,-0.18,0.16,8258,2.37,18.2,0.9,0.45,0.56,0.95,0.54,0.093,0.072,39.45,26.96,46.72
Prayagraj,2021,6,25.4358,81.8463,98,39.0,24.6,34.0,40.1,2.8,0.22,-0.18,0.16,8258,2.37,18.2,0.9,0.45,0.56,0.95,0.54,0.093,0.072,38.68,25.72,48.19
Prayagraj,2021,7,25.4358,81.8463,98,35.2,20.3,30.2,73.2,1.7,0.308,-0.108,0.16,8258,2.37,18.2,0.9,0.45,0.56,0.95,0.54,0.093,0.072,34.77,22.7,45.2
Prayagraj,2021,8,25.4358,81.8463,98,35.5,20.8,30.5,73.5,0.9,0.308,-0.108,0.16,8258,2.37,18.2,0.9,0.45,0.56,0.95,0.54,0.093,0.072,34.42,22.54,48.79
Prayagraj,2021,9,25.4358,81.8463,98,35.1,22.5,30.1,79.8,2.7,0.308,-0.108,0.16,8258,2.37,18.2,0.9,0.45,0.56,0.95,0.54,0.093,0.072,35.56,22.97,40.75
Prayagraj,2021,10,25.4358,81.8463,98,30.8,16.5,25.8,64.9,1.1,0.22,-0.18,0.16,8258,2.37,18.2,0.9,0.45,0.56,0.95,0.54,0.093,0.072,31.27,19.0,50.22
Prayagraj,2021,11,25.4358,81.8463,98,24.4,12.4,19.4,54.3,2.3,0.22,-0.18,0.16,8258,2.37,18.2,0.9,0.45,0.56,0.95,0.54,0.093,0.072,25.14,12.69,49.8
Prayagraj,2021,12,25.4358,81.8463,98,19.2,5.0,14.2,60.4,1.1,0.22,-0.18,0.16,8258,2.37,18.2,0.9,0.45,0.56,0.95,0.54,0.093,0.072,20.13,6.88,46.23
Prayagraj,2022,1,25.4358,81.8463,98,17.8,3.4,12.8,58.7,2.6,0.22,-0.18,0.16,8258,2.37,18.2,0.9,0.45,0.56,0.95,0.54,0.093,0.072,18.86,6.06,45.29
Prayagraj,2022,2,25.4358,81.8463,98,21.2,6.9,16.2,48.4,2.4,0.22,-0.18,0.16,8258,2.37,18.2,0.9,0.45,0.56,0.95,0.54,0.093,0.072,22.23,9.23,46.49
Prayagraj,2022,3,25.4358,81.8463,98,28.0,14.9,23.0,42.5,5.5,0.154,-0.18,0.16,8258,2.37,18.2,0.9,0.45,0.56,0.95,0.54,0.093,0.072,28.53,15.58,49.28
Prayagraj,2022,4,25.4358,81.8463,98,38.8,26.0,33.8,46.7,3.9,0.154,-0.18,0.16,8258,2.37,18.2,0.9,0.45,0.56,0.95,0.54,0.093,0.072,39.67,27.49,49.32
Prayagraj,2022,5,25.4358,81.8463,98,39.2,24.4,34.2,47.8,4.0,0.154,-0.18,0.16,8258,2.37,18.2,0.9,0.45,0.56,0.95,0.54,0.093,0.072,39.72,26.85,45.25
Prayagraj,2022,6,25.4358,81.8463,98,41.1,26.6,36.1,52.6,1.9,0.22,-0.18,0.16,8258,2.37,18.2,0.9,0.45,0.56,0.95,0.54,0.093,0.072,40.41,27.91,48.6
Prayagraj,2022,7,25.4358,81.8463,98,34.8,20.6,29.8,78.2,2.0,0.308,-0.108,0.16,8258,2.37,18.2,0.9,0.45,0.56,0.95,0.54,0.093,0.072,35.25,23.0,45.69
Prayagraj,2022,8,25.4358,81.8463,98,33.6,20.7,28.6,75.6,1.3,0.308,-0.108,0.16,8258,2.37,18.2,0.9,0.45,0.56,0.95,0.54,0.093,0.072,33.49,21.09,48.18
Prayagraj,2022,9,25.4358,81.8463,98,34.5,20.9,29.5,79.3,1.7,0.308,-0.108,0.16,8258,2.37,18.2,0.9,0.45,0.56,0.95,0.54,0.093,0.072,34.95,22.28,49.23
Prayagraj,2022,10,25.4358,81.8463,98,31.2,19.0,26.2,50.0,3.2,0.22,-0.18,0.16,8258,2.37,18.2,0.9,0.45,0.56,0.95,0.54,0.093,0.072,31.47,18.66,50.19
Prayagraj,2022,11,25.4358,81.8463,98,24.9,10.9,19.9,50.6,2.1,0.22,-0.18,0.16,8258,2.37,18.2,0.9,0.45,0.56,0.95,0.54,0.093,0.072,25.72,13.78,46.38
Prayagraj,2022,12,25.4358,81.8463,98,20.5,7.2,15.5,47.3,1.2,0.22,-0.18,0.16,8258,2.37,18.2,0.9,0.45,0.56,0.95,0.54,0.093,0.072,20.41,8.08,50.73
Prayagraj,2023,1,25.4358,81.8463,98,16.2,3.6,11.2,47.6,0.8,0.22,-0.18,0.16,8258,2.37,18.2,0.9,0.45,0.56,0.95,0.54,0.093,0.072,17.07,5.05,46.46
Prayagraj,2023,2,25.4358,81.8463,98,20.4,8.2,15.4,49.2,2.1,0.22,-0.18,0.16,8258,2.37,18.2,0.9,0.45,0.56,0.95,0.54,0.093,0.072,20.17,7.66,49.59
Prayagraj,2023,3,25.4358,81.8463,98,27.0,12.9,22.0,48.3,4.3,0.154,-0.18,0.16,8258,2.37,18.2,0.9,0.45,0.56,0.95,0.54,0.093,0.072,27.82,15.4,46.06
Prayagraj,2023,4,25.4358,81.8463,98,33.3,20.7,28.3,45.5,3.8,0.154,-0.18,0.16,8258,2.37,18.2,0.9,0.45,0.56,0.95,0.54,0.093,0.072,33.26,21.06,49.0
Prayagraj,2023,5,25.4358,81.8463,98,44.8,30.3,39.8,23.8,3.4,0.154,-0.18,0.16,8258,2.37,18.2,0.9,0.45,0.56,0.95,0.54,0.093,0.072,42.49,29.75,51.08
Prayagraj,2023,6,25.4358,81.8463,98,39.8,26.5,34.8,57.5,2.2,0.22,-0.18,0.16,8258,2.37,18.2,0.9,0.45,0.56,0.95,0.54,0.093,0.072,40.51,27.72,47.64
Prayagraj,2023,7,25.4358,81.8463,98,34.4,22.4,29.4,73.1,2.3,0.308,-0.108,0.16,8258,2.37,18.2,0.9,0.45,0.56,0.95,0.54,0.093,0.072,33.8,21.84,50.45
Prayagraj,2023,8,25.4358,81.8463,98,34.5,20.7,29.5,86.5,1.8,0.308,-0.108,0.16,8258,2.37,18.2,0.9,0.45,0.56,0.95,0.54,0.093,0.072,34.72,22.03,45.86
Prayagraj,2023,9,25.4358,81.8463,98,32.7,18.5,27.7,79.0,3.1,0.308,-0.108,0.16,8258,2.37,18.2,0.9,0.45,0.56,0.95,0.54,0.093,0.072,33.55,21.22,48.63
Prayagraj,2023,10,25.4358,81.8463,98,32.2,19.1,27.2,41.3,2.2,0.22,-0.18,0.16,8258,2.37,18.2,0.9,0.45,0.56,0.95,0.54,0.093,0.072,32.26,19.79,49.06
Prayagraj,2023,11,25.4358,81.8463,98,26.3,12.4,21.3,46.9,0.7,0.22,-0.18,0.16,8258,2.37,18.2,0.9,0.45,0.56,0.95,0.54,0.093,0.072,26.85,14.3,50.6
Prayagraj,2023,12,25.4358,81.8463,98,17.6,4.1,12.6,49.5,2.0,0.22,-0.18,0.16,8258,2.37,18.2,0.9,0.45,0.56,0.95,0.54,0.093,0.072,17.71,5.49,46.92
Prayagraj,2024,1,25.4358,81.8463,98,17.8,3.7,12.8,46.7,2.1,0.22,-0.18,0.16,8258,2.37,18.2,0.9,0.45,0.56,0.95,0.54,0.093,0.072,18.79,5.93,49.32
Prayagraj,2024,2,25.4358,81.8463,98,21.5,8.4,16.5,37.8,2.4,0.22,-0.18,0.16,8258,2.37,18.2,0.9,0.45,0.56,0.95,0.54,0.093,0.072,21.89,9.23,45.52
Prayagraj,2024,3,25.4358,81.8463,98,27.8,13.2,22.8,26.4,4.2,0.154,-0.18,0.16,8258,2.37,18.2,0.9,0.45,0.56,0.95,0.54,0.093,0.072,28.71,16.39,47.18
Prayagraj,2024,4,25.4358,81.8463,98,35.9,21.4,30.9,44.2,4.3,0.154,-0.18,0.16,8258,2.37,18.2,0.9,0.45,0.56,0.95,0.54,0.093,0.072,35.35,22.62,48.04
Prayagraj,2024,5,25.4358,81.8463,98,40.1,27.7,35.1,45.3,2.5,0.154,-0.18,0.16,8258,2.37,18.2,0.9,0.45,0.56,0.95,0.54,0.093,0.072,40.96,29.1,45.43
Prayagraj,2024,6,25.4358,81.8463,98,40.2,27.1,35.2,52.8,2.3,0.22,-0.18,0.16,8258,2.37,18.2,0.9,0.45,0.56,0.95,0.54,0.093,0.072,41.04,28.83,45.2
Prayagraj,2024,7,25.4358,81.8463,98,34.5,19.6,29.5,75.0,1.4,0.308,-0.108,0.16,8258,2.37,18.2,0.9,0.45,0.56,0.95,0.54,0.093,0.072,34.74,22.99,48.56
Prayagraj,2024,8,25.4358,81.8463,98,32.8,20.3,27.8,83.4,2.8,0.308,-0.108,0.16,8258,2.37,18.2,0.9,0.45,0.56,0.95,0.54,0.093,0.072,34.13,22.28,44.52
Prayagraj,2024,9,25.4358,81.8463,98,30.7,18.3,25.7,73.4,1.7,0.308,-0.108,0.16,8258,2.37,18.2,0.9,0.45,0.56,0.95,0.54,0.093,0.072,31.0,18.61,49.54
Prayagraj,2024,10,25.4358,81.8463,98,30.5,18.4,25.5,33.5,2.2,0.22,-0.18,0.16,8258,2.37,18.2,0.9,0.45,0.56,0.95,0.54,0.093,0.072,30.41,18.13,49.41
Prayagraj,2024,11,25.4358,81.8463,98,29.3,15.8,24.3,56.1,2.3,0.22,-0.18,0.16,8258,2.37,18.2,0.9,0.45,0.56,0.95,0.54,0.093,0.072,28.75,16.71,49.68
Prayagraj,2024,12,25.4358,81.8463,98,20.5,8.3,15.5,54.3,2.8,0.22,-0.18,0.16,8258,2.37,18.2,0.9,0.45,0.56,0.95,0.54,0.093,0.072,21.41,8.74,45.05
Ghaziabad,2020,1,28.6692,77.4538,214,20.9,8.7,15.9,62.5,2.4,0.13,-0.42,0.28,12286,4.44,20.6,0.9,0.8,1.0,0.95,0.72,0.053,0.02,21.87,9.01,72.75
Ghaziabad,2020,2,28.6692,77.4538,214,22.7,9.6,17.7,46.4,1.4,0.13,-0.42,0.28,12286,4.44,20.6,0.9,0.8,1.0,0.95,0.72,0.053,0.02,23.66,10.88,75.03
Ghaziabad,2020,3,28.6692,77.4538,214,28.3,16.3,23.3,49.7,3.3,0.091,-0.42,0.28,12286,4.44,20.6,0.9,0.8,1.0,0.95,0.72,0.053,0.02,29.07,16.05,68.22
Ghaziabad,2020,4,28.6692,77.4538,214,38.7,24.4,33.7,54.0,3.9,0.091,-0.42,0.28,12286,4.44,20.6,0.9,0.8,1.0,0.95,0.72,0.053,0.02,40.14,27.5,71.16
Ghaziabad,2020,5,28.6692,77.4538,214,41.4,27.2,36.4,45.3,3.7,0.091,-0.42,0.28,12286,4.44,20.6,0.9,0.8,1.0,0.95,0.72,0.053,0.02,43.42,30.7,70.91
Ghaziabad,2020,6,28.6692,77.4538,214,42.3,29.8,37.3,69.9,2.9,0.13,-0.42,0.28,12286,4.44,20.6,0.9,0.8,1.0,0.95,0.72,0.053,0.02,43.27,30.52,76.03
Ghaziabad,2020,7,28.6692,77.4538,214,40.5,27.0,35.5,74.6,2.7,0.182,-0.252,0.28,12286,4.44,20.6,0.9,0.8,1.0,0.95,0.72,0.053,0.02,41.67,28.58,71.33
Ghaziabad,2020,8,28.6692,77.4538,214,37.5,24.7,32.5,82.6,1.1,0.182,-0.252,0.28,12286,4.44,20.6,0.9,0.8,1.0,0.95,0.72,0.053,0.02,37.97,25.58,73.65
Ghaziabad,2020,9,28.6692,77.4538,214,36.7,22.7,31.7,81.5,0.8,0.182,-0.252,0.28,12286,4.44,20.6,0.9,0.8,1.0,0.95,0.72,0.053,0.02,38.39,25.2,70.84
Ghaziabad,2020,10,28.6692,77.4538,214,33.9,20.6,28.9,47.4,3.1,0.13,-0.42,0.28,12286,4.44,20.6,0.9,0.8,1.0,0.95,0.72,0.053,0.02,35.13,22.48,71.24
Ghaziabad,2020,11,28.6692,77.4538,214,28.1,14.4,23.1,52.7,1.6,0.13,-0.42,0.28,12286,4.44,20.6,0.9,0.8,1.0,0.95,0.72,0.053,0.02,28.25,15.44,72.1
Ghaziabad,2020,12,28.6692,77.4538,214,24.9,12.0,19.9,57.7,3.1,0.13,-0.42,0.28,12286,4.44,20.6,0.9,0.8,1.0,0.95,0.72,0.053,0.02,23.76,11.11,70.6
Ghaziabad,2021,1,28.6692,77.4538,214,22.0,8.2,17.0,71.2,2.8,0.13,-0.42,0.28,12286,4.44,20.6,0.9,0.8,1.0,0.95,0.72,0.053,0.02,19.54,7.11,73.89
Ghaziabad,2021,2,28.6692,77.4538,214,23.6,9.8,18.6,44.2,1.6,0.13,-0.42,0.28,12286,4.44,20.6,0.9,0.8,1.0,0.95,0.72,0.053,0.02,24.41,11.58,71.93
Ghaziabad,2021,3,28.6692,77.4538,214,29.2,16.1,24.2,33.5,4.7,0.091,-0.42,0.28,12286,4.44,20.6,0.9,0.8,1.0,0.95,0.72,0.053,0.02,29.33,16.68,74.4
Ghaziabad,2021,4,28.6692,77.4538,214,37.9,24.1,32.9,44.0,2.5,0.091,-0.42,0.28,12286,4.44,20.6,0.9,0.8,1.0,0.95,0.72,0.053,0.02,39.73,26.89,74.65
Ghaziabad,2021,5,28.6692,77.4538,214,42.3,27.9,37.3,53.3,4.3,0.091,-0.42,0.28,12286,4.44,20.6,0.9,0.8,1.0,0.95,0.72,0.053,0.02,42.88,30.63,71.57
Ghaziabad,2021,6,28.6692,77.4538,214,42.7,27.9,37.7,41.8,2.4,0.13,-0.42,0.28,12286,4.44,20.6,0.9,0.8,1.0,0.95,0.72,0.053,0.02,43.96,31.29,67.57
Ghaziabad,2021,7,28.6692,77.4538,214,43.5,28.9,38.5,74.2,1.1,0.182,-0.252,0.28,12286,4.44,20.6,0.9,0.8,1.0,0.95,0.72,0.053,0.02,42.53,29.55,72.33
Ghaziabad,2021,8,28.6692,77.4538,214,38.5,23.6,33.5,79.3,2.7,0.182,-0.252,0.28,12286,4.44,20.6,0.9,0.8,1.0,0.95,0.72,0.053,0.02,39.3,26.53,70.84
Ghaziabad,2021,9,28.6692,77.4538,214,38.2,25.4,33.2,74.3,1.9,0.182,-0.252,0.28,12286,4.44,20.6,0.9,0.8,1.0,0.95,0.72,0.053,0.02,39.31,26.42,71.66
Ghaziabad,2021,10,28.6692,77.4538,214,31.4,18.6,26.4,51.1,1.7,0.13,-0.42,0.28,12286,4.44,20.6,0.9,0.8,1.0,0.95,0.72,0.053,0.02,31.43,18.45,71.4
Ghaziabad,2021,11,28.6692,77.4538,214,29.1,14.7,24.1,48.2,2.5,0.13,-0.42,0.28,12286,4.44,20.6,0.9,0.8,1.0,0.95,0.72,0.053,0.02,29.71,16.76,73.29
Ghaziabad,2021,12,28.6692,77.4538,214,19.4,7.2,14.4,54.2,0.6,0.13,-0.42,0.28,12286,4.44,20.6,0.9,0.8,1.0,0.95,0.72,0.053,0.02,20.62,7.46,70.3
Ghaziabad,2022,1,28.6692,77.4538,214,17.7,4.8,12.7,61.5,2.4,0.13,-0.42,0.28,12286,4.44,20.6,0.9,0.8,1.0,0.95,0.72,0.053,0.02,18.21,5.01,67.99
Ghaziabad,2022,2,28.6692,77.4538,214,23.1,9.7,18.1,54.6,3.4,0.13,-0.42,0.28,12286,4.44,20.6,0.9,0.8,1.0,0.95,0.72,0.053,0.02,25.02,12.23,70.26
Ghaziabad,2022,3,28.6692,77.4538,214,28.7,13.8,23.7,37.3,3.3,0.091,-0.42,0.28,12286,4.44,20.6,0.9,0.8,1.0,0.95,0.72,0.053,0.02,29.98,17.06,74.74
Ghaziabad,2022,4,28.6692,77.4538,214,36.5,23.4,31.5,43.0,2.0,0.091,-0.42,0.28,12286,4.44,20.6,0.9,0.8,1.0,0.95,0.72,0.053,0.02,37.14,23.93,71.93
Ghaziabad,2022,5,28.6692,77.4538,214,40.3,25.5,35.3,34.6,3.0,0.091,-0.42,0.28,12286,4.44,20.6,0.9,0.8,1.0,0.95,0.72,0.053,0.02,41.8,28.57,73.21
Ghaziabad,2022,6,28.6692,77.4538,214,43.0,29.3,38.0,49.3,1.8,0.13,-0.42,0.28,12286,4.44,20.6,0.9,0.8,1.0,0.95,0.72,0.053,0.02,44.4,31.7,71.93
Ghaziabad,2022,7,28.6692,77.4538,214,39.1,27.1,34.1,76.5,1.3,0.182,-0.252,0.28,12286,4.44,20.6,0.9,0.8,1.0,0.95,0.72,0.053,0.02,40.39,27.7,70.67
Ghaziabad,2022,8,28.6692,77.4538,214,36.6,24.3,31.6,67.6,1.5,0.182,-0.252,0.28,12286,4.44,20.6,0.9,0.8,1.0,0.95,0.72,0.053,0.02,37.75,25.03,75.34
Ghaziabad,2022,9,28.6692,77.4538,214,37.3,23.8,32.3,67.4,1.5,0.182,-0.252,0.28,12286,4.44,20.6,0.9,0.8,1.0,0.95,0.72,0.053,0.02,38.95,25.91,71.16
Ghaziabad,2022,10,28.6692,77.4538,214,33.5,19.7,28.5,56.1,0.5,0.13,-0.42,0.28,12286,4.44,20.6,0.9,0.8,1.0,0.95,0.72,0.053,0.02,35.69,22.43,74.97
Ghaziabad,2022,11,28.6692,77.4538,214,31.0,18.9,26.0,53.3,0.8,0.13,-0.42,0.28,12286,4.44,20.6,0.9,0.8,1.0,0.95,0.72,0.053,0.02,29.14,16.1,72.63
Ghaziabad,2022,12,28.6692,77.4538,214,21.4,8.2,16.4,64.8,1.6,0.13,-0.42,0.28,12286,4.44,20.6,0.9,0.8,1.0,0.95,0.72,0.053,0.02,22.02,9.28,69.6
Ghaziabad,2023,1,28.6692,77.4538,214,19.1,7.0,14.1,55.9,1.5,0.13,-0.42,0.28,12286,4.44,20.6,0.9,0.8,1.0,0.95,0.72,0.053,0.02,20.24,7.18,74.15
Ghaziabad,2023,2,28.6692,77.4538,214,22.8,10.0,17.8,59.0,2.2,0.13,-0.42,0.28,12286,4.44,20.6,0.9,0.8,1.0,0.95,0.72,0.053,0.02,23.85,11.4,71.19
Ghaziabad,2023,3,28.6692,77.4538,214,30.8,15.9,25.8,45.3,2.5,0.091,-0.42,0.28,12286,4.44,20.6,0.9,0.8,1.0,0.95,0.72,0.053,0.02,32.39,19.81,71.72
Ghaziabad,2023,4,28.6692,77.4538,214,35.0,20.5,30.0,31.8,2.2,0.091,-0.42,0.28,12286,4.44,20.6,0.9,0.8,1.0,0.95,0.72,0.053,0.02,36.66,24.26,71.42
Ghaziabad,2023,5,28.6692,77.4538,214,42.3,28.9,37.3,44.8,1.9,0.091,-0.42,0.28,12286,4.44,20.6,0.9,0.8,1.0,0.95,0.72,0.053,0.02,43.37,30.63,70.33
Ghaziabad,2023,6,28.6692,77.4538,214,42.7,30.5,37.7,59.5,2.6,0.13,-0.42,0.28,12286,4.44,20.6,0.9,0.8,1.0,0.95,0.72,0.053,0.02,44.02,31.41,73.56
Ghaziabad,2023,7,28.6692,77.4538,214,37.4,24.8,32.4,81.0,1.1,0.182,-0.252,0.28,12286,4.44,20.6,0.9,0.8,1.0,0.95,0.72,0.053,0.02,39.44,26.88,72.16
Ghaziabad,2023,8,28.6692,77.4538,214,38.6,25.7,33.6,79.1,3.4,0.182,-0.252,0.28,12286,4.44,20.6,0.9,0.8,1.0,0.95,0.72,0.053,0.02,39.54,26.39,75.08
Ghaziabad,2023,9,28.6692,77.4538,214,34.6,20.4,29.6,73.0,1.8,0.182,-0.252,0.28,12286,4.44,20.6,0.9,0.8,1.0,0.95,0.72,0.053,0.02,35.67,22.42,76.6
Ghaziabad,2023,10,28.6692,77.4538,214,34.2,21.2,29.2,53.3,2.7,0.13,-0.42,0.28,12286,4.44,20.6,0.9,0.8,1.0,0.95,0.72,0.053,0.02,35.33,22.55,73.16
Ghaziabad,2023,11,28.6692,77.4538,214,27.5,15.2,22.5,49.6,2.3,0.13,-0.42,0.28,12286,4.44,20.6,0.9,0.8,1.0,0.95,0.72,0.053,0.02,28.6,15.42,77.45
Ghaziabad,2023,12,28.6692,77.4538,214,24.0,11.0,19.0,54.5,2.4,0.13,-0.42,0.28,12286,4.44,20.6,0.9,0.8,1.0,0.95,0.72,0.053,0.02,25.33,12.11,73.3
Ghaziabad,2024,1,28.6692,77.4538,214,18.6,5.2,13.6,63.2,2.3,0.13,-0.42,0.28,12286,4.44,20.6,0.9,0.8,1.0,0.95,0.72,0.053,0.02,21.18,8.5,69.96
Ghaziabad,2024,2,28.6692,77.4538,214,23.7,10.3,18.7,54.5,1.3,0.13,-0.42,0.28,12286,4.44,20.6,0.9,0.8,1.0,0.95,0.72,0.053,0.02,23.91,10.65,71.46
Ghaziabad,2024,3,28.6692,77.4538,214,28.2,15.8,23.2,20.0,3.9,0.091,-0.42,0.28,12286,4.44,20.6,0.9,0.8,1.0,0.95,0.72,0.053,0.02,29.76,17.29,71.7
Ghaziabad,2024,4,28.6692,77.4538,214,36.1,22.1,31.1,28.5,3.2,0.091,-0.42,0.28,12286,4.44,20.6,0.9,0.8,1.0,0.95,0.72,0.053,0.02,37.3,24.6,71.61
Ghaziabad,2024,5,28.6692,77.4538,214,41.7,29.5,36.7,30.9,3.7,0.091,-0.42,0.28,12286,4.44,20.6,0.9,0.8,1.0,0.95,0.72,0.053,0.02,43.02,30.08,72.97
Ghaziabad,2024,6,28.6692,77.4538,214,42.8,30.0,37.8,42.5,3.1,0.13,-0.42,0.28,12286,4.44,20.6,0.9,0.8,1.0,0.95,0.72,0.053,0.02,44.37,30.92,74.95
Ghaziabad,2024,7,28.6692,77.4538,214,38.2,23.7,33.2,74.6,1.7,0.182,-0.252,0.28,12286,4.44,20.6,0.9,0.8,1.0,0.95,0.72,0.053,0.02,38.99,26.67,70.92
Ghaziabad,2024,8,28.6692,77.4538,214,37.3,22.5,32.3,79.8,1.8,0.182,-0.252,0.28,12286,4.44,20.6,0.9,0.8,1.0,0.95,0.72,0.053,0.02,38.26,25.27,69.6
Ghaziabad,2024,9,28.6692,77.4538,214,37.7,23.2,32.7,79.8,3.3,0.182,-0.252,0.28,12286,4.44,20.6,0.9,0.8,1.0,0.95,0.72,0.053,0.02,38.65,25.43,76.04
Ghaziabad,2024,10,28.6692,77.4538,214,32.5,19.7,27.5,60.9,1.8,0.13,-0.42,0.28,12286,4.44,20.6,0.9,0.8,1.0,0.95,0.72,0.053,0.02,33.74,20.83,75.03
Ghaziabad,2024,11,28.6692,77.4538,214,27.5,14.5,22.5,54.3,3.2,0.13,-0.42,0.28,12286,4.44,20.6,0.9,0.8,1.0,0.95,0.72,0.053,0.02,29.27,15.85,72.92
Ghaziabad,2024,12,28.6692,77.4538,214,20.9,6.9,15.9,55.6,1.7,0.13,-0.42,0.28,12286,4.44,20.6,0.9,0.8,1.0,0.95,0.72,0.053,0.02,22.42,9.76,72.37
Noida,2020,1,28.5355,77.391,200,17.0,3.7,12.0,65.1,1.7,0.19,-0.36,0.24,6995,3.48,19.8,0.9,0.75,0.59,0.95,0.67,0.1,0.02,18.55,5.44,45.72
Noida,2020,2,28.5355,77.391,200,21.0,8.3,16.0,45.9,2.3,0.19,-0.36,0.24,6995,3.48,19.8,0.9,0.75,0.59,0.95,0.67,0.1,0.02,22.24,9.59,44.19
Noida,2020,3,28.5355,77.391,200,28.2,14.5,23.2,34.8,3.1,0.133,-0.36,0.24,6995,3.48,19.8,0.9,0.75,0.59,0.95,0.67,0.1,0.02,28.86,16.1,46.05
Noida,2020,4,28.5355,77.391,200,35.4,21.3,30.4,22.7,3.8,0.133,-0.36,0.24,6995,3.48,19.8,0.9,0.75,0.59,0.95,0.67,0.1,0.02,35.81,23.07,41.11
Noida,2020,5,28.5355,77.391,200,41.3,28.6,36.3,37.3,2.9,0.133,-0.36,0.24,6995,3.48,19.8,0.9,0.75,0.59,0.95,0.67,0.1,0.02,41.68,29.22,40.32
Noida,2020,6,28.5355,77.391,200,41.8,29.6,36.8,60.4,1.4,0.19,-0.36,0.24,6995,3.48,19.8,0.9,0.75,0.59,0.95,0.67,0.1,0.02,42.68,29.69,46.26
Noida,2020,7,28.5355,77.391,200,34.0,21.5,29.0,72.1,2.5,0.266,-0.216,0.24,6995,3.48,19.8,0.9,0.75,0.59,0.95,0.67,0.1,0.02,34.57,21.54,41.31
Noida,2020,8,28.5355,77.391,200,36.8,24.2,31.8,85.8,1.3,0.266,-0.216,0.24,6995,3.48,19.8,0.9,0.75,0.59,0.95,0.67,0.1,0.02,37.88,24.95,42.27
Noida,2020,9,28.5355,77.391,200,34.2,19.7,29.2,72.3,2.4,0.266,-0.216,0.24,6995,3.48,19.8,0.9,0.75,0.59,0.95,0.67,0.1,0.02,35.25,22.23,43.07
Noida,2020,10,28.5355,77.391,200,33.3,18.3,28.3,52.0,1.8,0.19,-0.36,0.24,6995,3.48,19.8,0.9,0.75,0.59,0.95,0.67,0.1,0.02,33.26,20.44,43.01
Noida,2020,11,28.5355,77.391,200,27.2,13.5,22.2,69.1,0.5,0.19,-0.36,0.24,6995,3.48,19.8,0.9,0.75,0.59,0.95,0.67,0.1,0.02,29.23,16.39,46.0
Noida,2020,12,28.5355,77.391,200,19.6,7.6,14.6,66.8,2.2,0.19,-0.36,0.24,6995,3.48,19.8,0.9,0.75,0.59,0.95,0.67,0.1,0.02,20.12,7.53,44.95
Noida,2021,1,28.5355,77.391,200,17.2,3.4,12.2,62.2,2.7,0.19,-0.36,0.24,6995,3.48,19.8,0.9,0.75,0.59,0.95,0.67,0.1,0.02,17.8,4.84,46.24
Noida,2021,2,28.5355,77.391,200,23.6,10.9,18.6,60.8,1.2,0.19,-0.36,0.24,6995,3.48,19.8,0.9,0.75,0.59,0.95,0.67,0.1,0.02,24.87,12.69,41.26
Noida,2021,3,28.5355,77.391,200,29.2,15.8,24.2,20.0,3.3,0.133,-0.36,0.24,6995,3.48,19.8,0.9,0.75,0.59,0.95,0.67,0.1,0.02,30.47,17.83,42.6
Noida,2021,4,28.5355,77.391,200,35.8,23.6,30.8,42.2,3.6,0.133,-0.36,0.24,6995,3.48,19.8,0.9,0.75,0.59,0.95,0.67,0.1,0.02,36.08,23.94,42.01
Noida,2021,5,28.5355,77.391,200,40.7,27.5,35.7,32.0,4.1,0.133,-0.36,0.24,6995,3.48,19.8,0.9,0.75,0.59,0.95,0.67,0.1,0.02,41.97,29.25,50.31
Noida,2021,6,28.5355,77.391,200,40.4,26.4,35.4,55.9,2.1,0.19,-0.36,0.24,6995,3.48,19.8,0.9,0.75,0.59,0.95,0.67,0.1,0.02,41.91,28.97,45.03
Noida,2021,7,28.5355,77.391,200,38.2,24.5,33.2,86.7,2.9,0.266,-0.216,0.24,6995,3.48,19.8,0.9,0.75,0.59,0.95,0.67,0.1,0.02,38.79,25.81,43.15
Noida,2021,8,28.5355,77.391,200,35.1,20.8,30.1,85.7,1.5,0.266,-0.216,0.24,6995,3.48,19.8,0.9,0.75,0.59,0.95,0.67,0.1,0.02,35.34,22.51,45.04
Noida,2021,9,28.5355,77.391,200,34.7,21.6,29.7,91.8,2.1,0.266,-0.216,0.24,6995,3.48,19.8,0.9,0.75,0.59,0.95,0.67,0.1,0.02,36.06,23.69,44.84
Noida,2021,10,28.5355,77.391,200,30.8,17.2,25.8,54.7,2.2,0.19,-0.36,0.24,6995,3.48,19.8,0.9,0.75,0.59,0.95,0.67,0.1,0.02,30.89,18.62,43.91
Noida,2021,11,28.5355,77.391,200,28.3,14.4,23.3,64.1,1.4,0.19,-0.36,0.24,6995,3.48,19.8,0.9,0.75,0.59,0.95,0.67,0.1,0.02,28.98,15.9,42.42
Noida,2021,12,28.5355,77.391,200,20.2,6.0,15.2,55.0,2.9,0.19,-0.36,0.24,6995,3.48,19.8,0.9,0.75,0.59,0.95,0.67,0.1,0.02,20.91,7.88,46.78
Noida,2022,1,28.5355,77.391,200,17.0,3.4,12.0,53.1,4.0,0.19,-0.36,0.24,6995,3.48,19.8,0.9,0.75,0.59,0.95,0.67,0.1,0.02,18.11,6.02,42.55
Noida,2022,2,28.5355,77.391,200,21.0,8.2,16.0,70.8,2.0,0.19,-0.36,0.24,6995,3.48,19.8,0.9,0.75,0.59,0.95,0.67,0.1,0.02,21.83,8.84,41.48
Noida,2022,3,28.5355,77.391,200,28.7,15.0,23.7,61.6,4.1,0.133,-0.36,0.24,6995,3.48,19.8,0.9,0.75,0.59,0.95,0.67,0.1,0.02,28.83,16.59,45.72
Noida,2022,4,28.5355,77.391,200,34.4,21.0,29.4,54.3,2.9,0.133,-0.36,0.24,6995,3.48,19.8,0.9,0.75,0.59,0.95,0.67,0.1,0.02,35.26,22.46,42.52
Noida,2022,5,28.5355,77.391,200,41.3,27.8,36.3,43.4,3.3,0.133,-0.36,0.24,6995,3.48,19.8,0.9,0.75,0.59,0.95,0.67,0.1,0.02,42.05,29.18,43.89
Noida,2022,6,28.5355,77.391,200,40.2,27.0,35.2,53.3,2.8,0.19,-0.36,0.24,6995,3.48,19.8,0.9,0.75,0.59,0.95,0.67,0.1,0.02,41.64,28.63,42.27
Noida,2022,7,28.5355,77.391,200,36.7,23.0,31.7,80.6,4.0,0.266,-0.216,0.24,6995,3.48,19.8,0.9,0.75,0.59,0.95,0.67,0.1,0.02,38.43,25.56,44.93
Noida,2022,8,28.5355,77.391,200,35.6,23.4,30.6,73.8,2.5,0.266,-0.216,0.24,6995,3.48,19.8,0.9,0.75,0.59,0.95,0.67,0.1,0.02,35.82,22.79,44.02
Noida,2022,9,28.5355,77.391,200,38.3,23.6,33.3,85.0,2.1,0.266,-0.216,0.24,6995,3.48,19.8,0.9,0.75,0.59,0.95,0.67,0.1,0.02,39.7,27.04,46.63
Noida,2022,10,28.5355,77.391,200,30.9,16.1,25.9,48.9,2.1,0.19,-0.36,0.24,6995,3.48,19.8,0.9,0.75,0.59,0.95,0.67,0.1,0.02,30.97,18.01,44.43
Noida,2022,11,28.5355,77.391,200,26.9,14.8,21.9,62.2,2.4,0.19,-0.36,0.24,6995,3.48,19.8,0.9,0.75,0.59,0.95,0.67,0.1,0.02,28.66,16.62,43.77
Noida,2022,12,28.5355,77.391,200,19.5,4.6,14.5,66.0,1.9,0.19,-0.36,0.24,6995,3.48,19.8,0.9,0.75,0.59,0.95,0.67,0.1,0.02,20.55,7.07,45.94
Noida,2023,1,28.5355,77.391,200,17.7,5.1,12.7,50.3,1.8,0.19,-0.36,0.24,6995,3.48,19.8,0.9,0.75,0.59,0.95,0.67,0.1,0.02,18.33,6.2,42.91
Noida,2023,2,28.5355,77.391,200,22.8,9.1,17.8,64.1,1.6,0.19,-0.36,0.24,6995,3.48,19.8,0.9,0.75,0.59,0.95,0.67,0.1,0.02,23.2,10.46,45.43
Noida,2023,3,28.5355,77.391,200,28.3,14.4,23.3,45.8,2.2,0.133,-0.36,0.24,6995,3.48,19.8,0.9,0.75,0.59,0.95,0.67,0.1,0.02,29.62,17.04,47.27
Noida,2023,4,28.5355,77.391,200,35.7,21.7,30.7,24.6,3.6,0.133,-0.36,0.24,6995,3.48,19.8,0.9,0.75,0.59,0.95,0.67,0.1,0.02,36.0,23.37,44.87
Noida,2023,5,28.5355,77.391,200,40.2,26.8,35.2,38.6,3.8,0.133,-0.36,0.24,6995,3.48,19.8,0.9,0.75,0.59,0.95,0.67,0.1,0.02,40.8,27.96,43.75
Noida,2023,6,28.5355,77.391,200,37.9,24.2,32.9,56.0,1.4,0.19,-0.36,0.24,6995,3.48,19.8,0.9,0.75,0.59,0.95,0.67,0.1,0.02,39.58,26.75,44.61
Noida,2023,7,28.5355,77.391,200,37.6,24.5,32.6,82.1,0.7,0.266,-0.216,0.24,6995,3.48,19.8,0.9,0.75,0.59,0.95,0.67,0.1,0.02,39.04,26.37,41.9
Noida,2023,8,28.5355,77.391,200,37.0,24.9,32.0,64.8,1.7,0.266,-0.216,0.24,6995,3.48,19.8,0.9,0.75,0.59,0.95,0.67,0.1,0.02,37.97,24.62,46.88
Noida,2023,9,28.5355,77.391,200,34.2,20.6,29.2,75.2,2.5,0.266,-0.216,0.24,6995,3.48,19.8,0.9,0.75,0.59,0.95,0.67,0.1,0.02,35.07,22.81,45.9
Noida,2023,10,28.5355,77.391,200,33.1,18.6,28.1,59.0,1.7,0.19,-0.36,0.24,6995,3.48,19.8,0.9,0.75,0.59,0.95,0.67,0.1,0.02,34.39,21.66,44.21
Noida,2023,11,28.5355,77.391,200,25.8,12.1,20.8,63.6,1.6,0.19,-0.36,0.24,6995,3.48,19.8,0.9,0.75,0.59,0.95,0.67,0.1,0.02,26.05,13.43,44.45
Noida,2023,12,28.5355,77.391,200,22.5,8.9,17.5,37.3,2.9,0.19,-0.36,0.24,6995,3.48,19.8,0.9,0.75,0.59,0.95,0.67,0.1,0.02,23.47,10.9,42.98
Noida,2024,1,28.5355,77.391,200,16.7,3.0,11.7,50.8,2.9,0.19,-0.36,0.24,6995,3.48,19.8,0.9,0.75,0.59,0.95,0.67,0.1,0.02,19.02,6.13,42.23
Noida,2024,2,28.5355,77.391,200,20.1,6.4,15.1,64.6,1.5,0.19,-0.36,0.24,6995,3.48,19.8,0.9,0.75,0.59,0.95,0.67,0.1,0.02,20.44,7.35,48.77
Noida,2024,3,28.5355,77.391,200,28.7,15.4,23.7,64.4,3.1,0.133,-0.36,0.24,6995,3.48,19.8,0.9,0.75,0.59,0.95,0.67,0.1,0.02,29.08,16.78,45.2
Noida,2024,4,28.5355,77.391,200,34.5,19.7,29.5,40.6,3.1,0.133,-0.36,0.24,6995,3.48,19.8,0.9,0.75,0.59,0.95,0.67,0.1,0.02,35.51,23.54,40.89
Noida,2024,5,28.5355,77.391,200,40.6,28.5,35.6,20.0,3.5,0.133,-0.36,0.24,6995,3.48,19.8,0.9,0.75,0.59,0.95,0.67,0.1,0.02,40.58,27.93,43.06
Noida,2024,6,28.5355,77.391,200,41.5,26.8,36.5,67.5,1.6,0.19,-0.36,0.24,6995,3.48,19.8,0.9,0.75,0.59,0.95,0.67,0.1,0.02,42.24,29.84,45.02
Noida,2024,7,28.5355,77.391,200,36.2,22.4,31.2,68.8,0.8,0.266,-0.216,0.24,6995,3.48,19.8,0.9,0.75,0.59,0.95,0.67,0.1,0.02,36.99,24.02,43.3
Noida,2024,8,28.5355,77.391,200,38.6,24.2,33.6,84.7,2.9,0.266,-0.216,0.24,6995,3.48,19.8,0.9,0.75,0.59,0.95,0.67,0.1,0.02,39.64,26.53,43.18
Noida,2024,9,28.5355,77.391,200,38.7,26.0,33.7,76.2,1.8,0.266,-0.216,0.24,6995,3.48,19.8,0.9,0.75,0.59,0.95,0.67,0.1,0.02,38.59,26.25,46.87
Noida,2024,10,28.5355,77.391,200,32.3,19.7,27.3,48.5,0.6,0.19,-0.36,0.24,6995,3.48,19.8,0.9,0.75,0.59,0.95,0.67,0.1,0.02,34.33,21.61,46.14
Noida,2024,11,28.5355,77.391,200,26.8,14.4,21.8,63.4,1.9,0.19,-0.36,0.24,6995,3.48,19.8,0.9,0.75,0.59,0.95,0.67,0.1,0.02,27.46,14.69,45.37
Noida,2024,12,28.5355,77.391,200,21.1,7.2,16.1,49.5,0.6,0.19,-0.36,0.24,6995,3.48,19.8,0.9,0.75,0.59,0.95,0.67,0.1,0.02,22.47,10.01,41.83
Meerut,2020,1,28.9845,77.7064,224,15.9,1.2,10.9,55.6,3.1,0.18,-0.4,0.21,11558,2.47,12.2,0.9,0.6,0.87,0.82,0.6,0.067,0.02,16.9,3.81,64.92
Meerut,2020,2,28.9845,77.7064,224,19.7,7.4,14.7,54.8,1.4,0.18,-0.4,0.21,11558,2.47,12.2,0.9,0.6,0.87,0.82,0.6,0.067,0.02,19.82,7.3,65.94
Meerut,2020,3,28.9845,77.7064,224,24.6,10.6,19.6,44.2,3.8,0.126,-0.4,0.21,11558,2.47,12.2,0.9,0.6,0.87,0.82,0.6,0.067,0.02,25.29,12.74,66.62
Meerut,2020,4,28.9845,77.7064,224,35.6,21.0,30.6,49.9,2.9,0.126,-0.4,0.21,11558,2.47,12.2,0.9,0.6,0.87,0.82,0.6,0.067,0.02,34.29,21.04,66.51
Meerut,2020,5,28.9845,77.7064,224,40.6,26.4,35.6,35.7,3.9,0.126,-0.4,0.21,11558,2.47,12.2,0.9,0.6,0.87,0.82,0.6,0.067,0.02,39.92,27.51,67.37
Meerut,2020,6,28.9845,77.7064,224,38.3,23.8,33.3,53.4,3.4,0.18,-0.4,0.21,11558,2.47,12.2,0.9,0.6,0.87,0.82,0.6,0.067,0.02,38.38,26.0,66.06
Meerut,2020,7,28.9845,77.7064,224,34.4,19.9,29.4,87.0,1.3,0.252,-0.24,0.21,11558,2.47,12.2,0.9,0.6,0.87,0.82,0.6,0.067,0.02,34.78,22.2,68.65
Meerut,2020,8,28.9845,77.7064,224,38.3,26.0,33.3,79.8,2.5,0.252,-0.24,0.21,11558,2.47,12.2,0.9,0.6,0.87,0.82,0.6,0.067,0.02,38.34,25.96,68.63
Meerut,2020,9,28.9845,77.7064,224,35.8,23.8,30.8,74.4,1.2,0.252,-0.24,0.21,11558,2.47,12.2,0.9,0.6,0.87,0.82,0.6,0.067,0.02,35.53,23.22,69.1
Meerut,2020,10,28.9845,77.7064,224,28.6,14.0,23.6,33.2,2.8,0.18,-0.4,0.21,11558,2.47,12.2,0.9,0.6,0.87,0.82,0.6,0.067,0.02,30.67,18.05,63.32
Meerut,2020,11,28.9845,77.7064,224,27.1,14.5,22.1,69.0,3.1,0.18,-0.4,0.21,11558,2.47,12.2,0.9,0.6,0.87,0.82,0.6,0.067,0.02,30.36,17.68,65.98
Meerut,2020,12,28.9845,77.7064,224,16.3,3.3,11.3,55.7,3.3,0.18,-0.4,0.21,11558,2.47,12.2,0.9,0.6,0.87,0.82,0.6,0.067,0.02,19.31,7.0,63.79
Meerut,2021,1,28.9845,77.7064,224,16.5,4.0,11.5,51.7,2.4,0.18,-0.4,0.21,11558,2.47,12.2,0.9,0.6,0.87,0.82,0.6,0.067,0.02,18.44,5.67,65.87
Meerut,2021,2,28.9845,77.7064,224,20.8,6.9,15.8,45.1,0.8,0.18,-0.4,0.21,11558,2.47,12.2,0.9,0.6,0.87,0.82,0.6,0.067,0.02,21.82,9.24,64.2
Meerut,2021,3,28.9845,77.7064,224,27.2,12.6,22.2,33.9,4.6,0.126,-0.4,0.21,11558,2.47,12.2,0.9,0.6,0.87,0.82,0.6,0.067,0.02,26.31,14.06,65.29
Meerut,2021,4,28.9845,77.7064,224,33.5,18.5,28.5,42.5,1.9,0.126,-0.4,0.21,11558,2.47,12.2,0.9,0.6,0.87,0.82,0.6,0.067,0.02,34.32,21.68,66.83
Meerut,2021,5,28.9845,77.7064,224,36.3,23.4,31.3,32.1,3.7,0.126,-0.4,0.21,11558,2.47,12.2,0.9,0.6,0.87,0.82,0.6,0.067,0.02,38.63,26.2,65.08
Meerut,2021,6,28.9845,77.7064,224,37.5,24.5,32.5,46.5,1.2,0.18,-0.4,0.21,11558,2.47,12.2,0.9,0.6,0.87,0.82,0.6,0.067,0.02,37.34,24.34,62.04
Meerut,2021,7,28.9845,77.7064,224,36.7,21.8,31.7,75.7,1.4,0.252,-0.24,0.21,11558,2.47,12.2,0.9,0.6,0.87,0.82,0.6,0.067,0.02,36.63,24.1,64.42
Meerut,2021,8,28.9845,77.7064,224,37.6,24.7,32.6,77.2,2.2,0.252,-0.24,0.21,11558,2.47,12.2,0.9,0.6,0.87,0.82,0.6,0.067,0.02,35.74,22.99,66.7
Meerut,2021,9,28.9845,77.7064,224,32.0,17.6,27.0,80.6,2.0,0.252,-0.24,0.21,11558,2.47,12.2,0.9,0.6,0.87,0.82,0.6,0.067,0.02,32.79,20.44,61.72
Meerut,2021,10,28.9845,77.7064,224,26.7,14.6,21.7,44.9,0.6,0.18,-0.4,0.21,11558,2.47,12.2,0.9,0.6,0.87,0.82,0.6,0.067,0.02,28.88,16.64,66.52
Meerut,2021,11,28.9845,77.7064,224,24.1,9.8,19.1,57.2,2.0,0.18,-0.4,0.21,11558,2.47,12.2,0.9,0.6,0.87,0.82,0.6,0.067,0.02,25.39,12.93,65.92
Meerut,2021,12,28.9845,77.7064,224,18.8,6.6,13.8,64.5,2.4,0.18,-0.4,0.21,11558,2.47,12.2,0.9,0.6,0.87,0.82,0.6,0.067,0.02,20.37,7.29,65.43
Meerut,2022,1,28.9845,77.7064,224,16.5,3.9,11.5,58.0,1.2,0.18,-0.4,0.21,11558,2.47,12.2,0.9,0.6,0.87,0.82,0.6,0.067,0.02,15.52,2.47,68.83
Meerut,2022,2,28.9845,77.7064,224,21.3,8.7,16.3,63.7,1.6,0.18,-0.4,0.21,11558,2.47,12.2,0.9,0.6,0.87,0.82,0.6,0.067,0.02,20.12,7.18,68.56
Meerut,2022,3,28.9845,77.7064,224,27.6,14.4,22.6,38.5,2.1,0.126,-0.4,0.21,11558,2.47,12.2,0.9,0.6,0.87,0.82,0.6,0.067,0.02,28.5,15.77,67.79
Meerut,2022,4,28.9845,77.7064,224,34.2,19.5,29.2,43.2,5.2,0.126,-0.4,0.21,11558,2.47,12.2,0.9,0.6,0.87,0.82,0.6,0.067,0.02,34.62,21.91,64.07
Meerut,2022,5,28.9845,77.7064,224,39.4,24.5,34.4,25.2,2.8,0.126,-0.4,0.21,11558,2.47,12.2,0.9,0.6,0.87,0.82,0.6,0.067,0.02,42.24,29.47,65.33
Meerut,2022,6,28.9845,77.7064,224,39.1,25.8,34.1,57.4,2.1,0.18,-0.4,0.21,11558,2.47,12.2,0.9,0.6,0.87,0.82,0.6,0.067,0.02,41.62,29.44,65.71
Meerut,2022,7,28.9845,77.7064,224,36.2,23.2,31.2,82.2,2.6,0.252,-0.24,0.21,11558,2.47,12.2,0.9,0.6,0.87,0.82,0.6,0.067,0.02,36.68,23.88,60.39
Meerut,2022,8,28.9845,77.7064,224,34.9,20.5,29.9,85.0,2.6,0.252,-0.24,0.21,11558,2.47,12.2,0.9,0.6,0.87,0.82,0.6,0.067,0.02,36.65,23.96,68.58
Meerut,2022,9,28.9845,77.7064,224,34.9,22.3,29.9,76.4,3.1,0.252,-0.24,0.21,11558,2.47,12.2,0.9,0.6,0.87,0.82,0.6,0.067,0.02,34.73,22.06,65.05
Meerut,2022,10,28.9845,77.7064,224,27.7,12.8,22.7,43.0,1.9,0.18,-0.4,0.21,11558,2.47,12.2,0.9,0.6,0.87,0.82,0.6,0.067,0.02,29.34,17.19,64.88
Meerut,2022,11,28.9845,77.7064,224,23.3,11.3,18.3,42.1,1.8,0.18,-0.4,0.21,11558,2.47,12.2,0.9,0.6,0.87,0.82,0.6,0.067,0.02,23.02,10.41,68.09
Meerut,2022,12,28.9845,77.7064,224,19.6,5.4,14.6,60.4,3.2,0.18,-0.4,0.21,11558,2.47,12.2,0.9,0.6,0.87,0.82,0.6,0.067,0.02,19.55,6.56,66.55
Meerut,2023,1,28.9845,77.7064,224,14.4,1.2,9.4,48.8,2.3,0.18,-0.4,0.21,11558,2.47,12.2,0.9,0.6,0.87,0.82,0.6,0.067,0.02,15.81,3.01,66.58
Meerut,2023,2,28.9845,77.7064,224,21.4,8.9,16.4,59.3,2.3,0.18,-0.4,0.21,11558,2.47,12.2,0.9,0.6,0.87,0.82,0.6,0.067,0.02,22.97,10.31,67.9
Meerut,2023,3,28.9845,77.7064,224,24.2,10.5,19.2,33.9,3.4,0.126,-0.4,0.21,11558,2.47,12.2,0.9,0.6,0.87,0.82,0.6,0.067,0.02,25.33,12.8,69.87
Meerut,2023,4,28.9845,77.7064,224,33.2,20.4,28.2,40.5,4.3,0.126,-0.4,0.21,11558,2.47,12.2,0.9,0.6,0.87,0.82,0.6,0.067,0.02,34.13,21.76,67.37
Meerut,2023,5,28.9845,77.7064,224,37.7,23.5,32.7,29.0,3.8,0.126,-0.4,0.21,11558,2.47,12.2,0.9,0.6,0.87,0.82,0.6,0.067,0.02,38.42,26.53,68.7
Meerut,2023,6,28.9845,77.7064,224,39.7,26.2,34.7,65.9,3.3,0.18,-0.4,0.21,11558,2.47,12.2,0.9,0.6,0.87,0.82,0.6,0.067,0.02,40.05,27.46,63.64
Meerut,2023,7,28.9845,77.7064,224,35.0,21.3,30.0,74.1,0.6,0.252,-0.24,0.21,11558,2.47,12.2,0.9,0.6,0.87,0.82,0.6,0.067,0.02,34.12,21.06,66.37
Meerut,2023,8,28.9845,77.7064,224,34.9,20.1,29.9,67.6,1.7,0.252,-0.24,0.21,11558,2.47,12.2,0.9,0.6,0.87,0.82,0.6,0.067,0.02,35.12,22.43,66.2
Meerut,2023,9,28.9845,77.7064,224,34.0,20.5,29.0,80.4,0.9,0.252,-0.24,0.21,11558,2.47,12.2,0.9,0.6,0.87,0.82,0.6,0.067,0.02,34.51,21.85,69.6
Meerut,2023,10,28.9845,77.7064,224,30.4,18.3,25.4,47.1,2.2,0.18,-0.4,0.21,11558,2.47,12.2,0.9,0.6,0.87,0.82,0.6,0.067,0.02,31.24,18.57,64.76
Meerut,2023,11,28.9845,77.7064,224,30.5,18.2,25.5,69.8,1.0,0.18,-0.4,0.21,11558,2.47,12.2,0.9,0.6,0.87,0.82,0.6,0.067,0.02,26.71,13.93,63.03
Meerut,2023,12,28.9845,77.7064,224,18.3,4.9,13.3,49.2,3.7,0.18,-0.4,0.21,11558,2.47,12.2,0.9,0.6,0.87,0.82,0.6,0.067,0.02,17.87,5.16,69.39
Meerut,2024,1,28.9845,77.7064,224,16.8,4.1,11.8,54.8,2.7,0.18,-0.4,0.21,11558,2.47,12.2,0.9,0.6,0.87,0.82,0.6,0.067,0.02,17.15,4.67,65.75
Meerut,2024,2,28.9845,77.7064,224,25.4,13.2,20.4,66.0,0.7,0.18,-0.4,0.21,11558,2.47,12.2,0.9,0.6,0.87,0.82,0.6,0.067,0.02,24.05,11.29,67.59
Meerut,2024,3,28.9845,77.7064,224,26.3,11.6,21.3,54.3,3.8,0.126,-0.4,0.21,11558,2.47,12.2,0.9,0.6,0.87,0.82,0.6,0.067,0.02,27.59,14.65,66.6
Meerut,2024,4,28.9845,77.7064,224,34.0,21.1,29.0,47.6,4.6,0.126,-0.4,0.21,11558,2.47,12.2,0.9,0.6,0.87,0.82,0.6,0.067,0.02,34.77,22.24,64.21
Meerut,2024,5,28.9845,77.7064,224,39.2,24.2,34.2,37.5,2.3,0.126,-0.4,0.21,11558,2.47,12.2,0.9,0.6,0.87,0.82,0.6,0.067,0.02,39.57,26.48,65.9
Meerut,2024,6,28.9845,77.7064,224,38.5,26.4,33.5,52.1,2.0,0.18,-0.4,0.21,11558,2.47,12.2,0.9,0.6,0.87,0.82,0.6,0.067,0.02,39.62,26.9,67.46
Meerut,2024,7,28.9845,77.7064,224,37.2,24.1,32.2,78.8,2.1,0.252,-0.24,0.21,11558,2.47,12.2,0.9,0.6,0.87,0.82,0.6,0.067,0.02,37.9,25.53,66.35
Meerut,2024,8,28.9845,77.7064,224,34.3,22.1,29.3,81.2,2.6,0.252,-0.24,0.21,11558,2.47,12.2,0.9,0.6,0.87,0.82,0.6,0.067,0.02,35.88,23.32,68.66
Meerut,2024,9,28.9845,77.7064,224,33.2,20.7,28.2,75.5,2.8,0.252,-0.24,0.21,11558,2.47,12.2,0.9,0.6,0.87,0.82,0.6,0.067,0.02,32.45,20.22,67.96
Meerut,2024,10,28.9845,77.7064,224,28.6,16.4,23.6,48.3,2.6,0.18,-0.4,0.21,11558,2.47,12.2,0.9,0.6,0.87,0.82,0.6,0.067,0.02,31.29,18.42,69.31
Meerut,2024,11,28.9845,77.7064,224,24.6,11.3,19.6,49.9,3.3,0.18,-0.4,0.21,11558,2.47,12.2,0.9,0.6,0.87,0.82,0.6,0.067,0.02,24.2,11.44,64.11
Meerut,2024,12,28.9845,77.7064,224,20.2,7.1,15.2,52.7,2.1,0.18,-0.4,0.21,11558,2.47,12.2,0.9,0.6,0.87,0.82,0.6,0.067,0.02,20.47,8.34,65.7
Bareilly,2020,1,28.367,79.4304,172,16.0,2.6,11.0,57.9,1.9,0.25,-0.3,0.14,9087,1.45,10.8,0.65,0.45,0.61,0.82,0.54,0.119,0.03,15.16,3.01,51.04
Bareilly,2020,2,28.367,79.4304,172,19.6,6.0,14.6,48.9,2.0,0.25,-0.3,0.14,9087,1.45,10.8,0.65,0.45,0.61,0.82,0.54,0.119,0.03,19.78,7.33,50.01
Bareilly,2020,3,28.367,79.4304,172,23.4,10.5,18.4,41.1,4.6,0.175,-0.3,0.14,9087,1.45,10.8,0.65,0.45,0.61,0.82,0.54,0.119,0.03,25.14,12.88,50.08
Bareilly,2020,4,28.367,79.4304,172,30.6,17.6,25.6,34.0,3.0,0.175,-0.3,0.14,9087,1.45,10.8,0.65,0.45,0.61,0.82,0.54,0.119,0.03,31.29,18.8,53.01
Bareilly,2020,5,28.367,79.4304,172,36.1,23.5,31.1,49.8,2.5,0.175,-0.3,0.14,9087,1.45,10.8,0.65,0.45,0.61,0.82,0.54,0.119,0.03,36.6,24.17,51.65
Bareilly,2020,6,28.367,79.4304,172,37.4,23.8,32.4,53.7,2.7,0.25,-0.3,0.14,9087,1.45,10.8,0.65,0.45,0.61,0.82,0.54,0.119,0.03,38.0,25.69,55.73
Bareilly,2020,7,28.367,79.4304,172,30.5,15.6,25.5,80.8,0.6,0.35,-0.18,0.14,9087,1.45,10.8,0.65,0.45,0.61,0.82,0.54,0.119,0.03,30.45,18.36,47.9
Bareilly,2020,8,28.367,79.4304,172,31.3,18.8,26.3,74.0,2.1,0.35,-0.18,0.14,9087,1.45,10.8,0.65,0.45,0.61,0.82,0.54,0.119,0.03,32.54,19.79,49.06
Bareilly,2020,9,28.367,79.4304,172,32.3,20.3,27.3,80.2,2.7,0.35,-0.18,0.14,9087,1.45,10.8,0.65,0.45,0.61,0.82,0.54,0.119,0.03,31.23,18.55,48.78
Bareilly,2020,10,28.367,79.4304,172,27.8,14.6,22.8,70.9,3.8,0.25,-0.3,0.14,9087,1.45,10.8,0.65,0.45,0.61,0.82,0.54,0.119,0.03,28.46,16.21,54.75
Bareilly,2020,11,28.367,79.4304,172,22.8,10.3,17.8,70.5,3.0,0.25,-0.3,0.14,9087,1.45,10.8,0.65,0.45,0.61,0.82,0.54,0.119,0.03,23.44,10.61,52.07
Bareilly,2020,12,28.367,79.4304,172,15.6,2.6,10.6,57.8,3.1,0.25,-0.3,0.14,9087,1.45,10.8,0.65,0.45,0.61,0.82,0.54,0.119,0.03,15.35,2.57,53.91
Bareilly,2021,1,28.367,79.4304,172,11.6,-3.0,6.6,59.7,2.1,0.25,-0.3,0.14,9087,1.45,10.8,0.65,0.45,0.61,0.82,0.54,0.119,0.03,14.73,2.32,47.95
Bareilly,2021,2,28.367,79.4304,172,19.6,6.2,14.6,48.9,1.8,0.25,-0.3,0.14,9087,1.45,10.8,0.65,0.45,0.61,0.82,0.54,0.119,0.03,18.96,6.21,51.5
Bareilly,2021,3,28.367,79.4304,172,23.4,10.6,18.4,34.0,5.5,0.175,-0.3,0.14,9087,1.45,10.8,0.65,0.45,0.61,0.82,0.54,0.119,0.03,25.14,12.95,50.45
Bareilly,2021,4,28.367,79.4304,172,30.7,17.8,25.7,29.9,2.9,0.175,-0.3,0.14,9087,1.45,10.8,0.65,0.45,0.61,0.82,0.54,0.119,0.03,31.85,19.27,48.32
Bareilly,2021,5,28.367,79.4304,172,37.0,24.7,32.0,28.9,4.3,0.175,-0.3,0.14,9087,1.45,10.8,0.65,0.45,0.61,0.82,0.54,0.119,0.03,36.69,24.9,48.01
Bareilly,2021,6,28.367,79.4304,172,39.3,26.6,34.3,53.9,3.0,0.25,-0.3,0.14,9087,1.45,10.8,0.65,0.45,0.61,0.82,0.54,0.119,0.03,38.7,26.33,54.05
Bareilly,2021,7,28.367,79.4304,172,34.2,21.5,29.2,74.6,3.3,0.35,-0.18,0.14,9087,1.45,10.8,0.65,0.45,0.61,0.82,0.54,0.119,0.03,34.27,21.54,51.29
Bareilly,2021,8,28.367,79.4304,172,32.5,19.0,27.5,72.3,1.3,0.35,-0.18,0.14,9087,1.45,10.8,0.65,0.45,0.61,0.82,0.54,0.119,0.03,31.37,18.48,49.77
Bareilly,2021,9,28.367,79.4304,172,32.1,18.0,27.1,77.2,0.6,0.35,-0.18,0.14,9087,1.45,10.8,0.65,0.45,0.61,0.82,0.54,0.119,0.03,32.88,20.33,53.05
Bareilly,2021,10,28.367,79.4304,172,27.8,12.8,22.8,62.5,2.9,0.25,-0.3,0.14,9087,1.45,10.8,0.65,0.45,0.61,0.82,0.54,0.119,0.03,26.81,14.7,49.84
Bareilly,2021,11,28.367,79.4304,172,23.9,10.9,18.9,67.5,1.8,0.25,-0.3,0.14,9087,1.45,10.8,0.65,0.45,0.61,0.82,0.54,0.119,0.03,23.13,10.94,51.43
Bareilly,2021,12,28.367,79.4304,172,15.5,3.0,10.5,39.3,1.9,0.25,-0.3,0.14,9087,1.45,10.8,0.65,0.45,0.61,0.82,0.54,0.119,0.03,15.24,2.88,54.93
Bareilly,2022,1,28.367,79.4304,172,11.9,-2.4,6.9,57.5,2.5,0.25,-0.3,0.14,9087,1.45,10.8,0.65,0.45,0.61,0.82,0.54,0.119,0.03,12.7,0.21,47.69
Bareilly,2022,2,28.367,79.4304,172,19.9,7.8,14.9,68.7,0.5,0.25,-0.3,0.14,9087,1.45,10.8,0.65,0.45,0.61,0.82,0.54,0.119,0.03,19.17,6.51,51.59
Bareilly,2022,3,28.367,79.4304,172,23.5,11.2,18.5,32.3,3.0,0.175,-0.3,0.14,9087,1.45,10.8,0.65,0.45,0.61,0.82,0.54,0.119,0.03,23.43,10.48,49.94
Bareilly,2022,4,28.367,79.4304,172,31.2,19.0,26.2,44.3,4.6,0.175,-0.3,0.14,9087,1.45,10.8,0.65,0.45,0.61,0.82,0.54,0.119,0.03,30.96,19.15,51.63
Bareilly,2022,5,28.367,79.4304,172,36.7,22.5,31.7,43.7,2.9,0.175,-0.3,0.14,9087,1.45,10.8,0.65,0.45,0.61,0.82,0.54,0.119,0.03,35.69,23.06,48.17
Bareilly,2022,6,28.367,79.4304,172,36.5,21.6,31.5,61.1,2.4,0.25,-0.3,0.14,9087,1.45,10.8,0.65,0.45,0.61,0.82,0.54,0.119,0.03,37.95,25.12,49.23
Bareilly,2022,7,28.367,79.4304,172,33.5,19.4,28.5,77.6,2.9,0.35,-0.18,0.14,9087,1.45,10.8,0.65,0.45,0.61,0.82,0.54,0.119,0.03,34.74,22.06,51.73
Bareilly,2022,8,28.367,79.4304,172,29.9,16.3,24.9,71.1,2.8,0.35,-0.18,0.14,9087,1.45,10.8,0.65,0.45,0.61,0.82,0.54,0.119,0.03,32.04,19.6,48.92
Bareilly,2022,9,28.367,79.4304,172,30.6,16.6,25.6,82.6,1.4,0.35,-0.18,0.14,9087,1.45,10.8,0.65,0.45,0.61,0.82,0.54,0.119,0.03,30.59,18.58,48.86
Bareilly,2022,10,28.367,79.4304,172,25.7,13.0,20.7,63.0,2.4,0.25,-0.3,0.14,9087,1.45,10.8,0.65,0.45,0.61,0.82,0.54,0.119,0.03,27.92,15.36,47.47
Bareilly,2022,11,28.367,79.4304,172,23.9,11.6,18.9,64.4,2.5,0.25,-0.3,0.14,9087,1.45,10.8,0.65,0.45,0.61,0.82,0.54,0.119,0.03,24.19,11.67,52.04
Bareilly,2022,12,28.367,79.4304,172,13.8,-0.7,8.8,56.0,1.5,0.25,-0.3,0.14,9087,1.45,10.8,0.65,0.45,0.61,0.82,0.54,0.119,0.03,14.73,2.76,50.05
Bareilly,2023,1,28.367,79.4304,172,17.1,3.1,12.1,66.2,3.2,0.25,-0.3,0.14,9087,1.45,10.8,0.65,0.45,0.61,0.82,0.54,0.119,0.03,16.82,4.05,48.37
Bareilly,2023,2,28.367,79.4304,172,19.2,6.9,14.2,45.8,2.4,0.25,-0.3,0.14,9087,1.45,10.8,0.65,0.45,0.61,0.82,0.54,0.119,0.03,18.69,5.92,52.74
Bareilly,2023,3,28.367,79.4304,172,24.9,12.0,19.9,44.5,4.4,0.175,-0.3,0.14,9087,1.45,10.8,0.65,0.45,0.61,0.82,0.54,0.119,0.03,25.18,13.15,52.12
Bareilly,2023,4,28.367,79.4304,172,30.3,17.7,25.3,48.6,3.5,0.175,-0.3,0.14,9087,1.45,10.8,0.65,0.45,0.61,0.82,0.54,0.119,0.03,29.41,17.08,49.34
Bareilly,2023,5,28.367,79.4304,172,35.8,22.0,30.8,46.8,4.0,0.175,-0.3,0.14,9087,1.45,10.8,0.65,0.45,0.61,0.82,0.54,0.119,0.03,36.87,24.71,51.04
Bareilly,2023,6,28.367,79.4304,172,34.8,21.7,29.8,46.8,1.2,0.25,-0.3,0.14,9087,1.45,10.8,0.65,0.45,0.61,0.82,0.54,0.119,0.03,35.69,23.59,46.7
Bareilly,2023,7,28.367,79.4304,172,31.8,17.0,26.8,74.3,2.0,0.35,-0.18,0.14,9087,1.45,10.8,0.65,0.45,0.61,0.82,0.54,0.119,0.03,31.96,19.47,51.79
Bareilly,2023,8,28.367,79.4304,172,32.5,20.1,27.5,84.8,1.7,0.35,-0.18,0.14,9087,1.45,10.8,0.65,0.45,0.61,0.82,0.54,0.119,0.03,32.94,20.84,49.86
Bareilly,2023,9,28.367,79.4304,172,34.1,21.3,29.1,80.1,2.8,0.35,-0.18,0.14,9087,1.45,10.8,0.65,0.45,0.61,0.82,0.54,0.119,0.03,32.12,19.55,53.18
Bareilly,2023,10,28.367,79.4304,172,30.8,15.9,25.8,63.7,3.0,0.25,-0.3,0.14,9087,1.45,10.8,0.65,0.45,0.61,0.82,0.54,0.119,0.03,30.08,17.5,51.37
Bareilly,2023,11,28.367,79.4304,172,25.0,12.1,20.0,44.1,0.6,0.25,-0.3,0.14,9087,1.45,10.8,0.65,0.45,0.61,0.82,0.54,0.119,0.03,23.52,11.17,50.43
Bareilly,2023,12,28.367,79.4304,172,14.4,0.2,9.4,56.9,2.6,0.25,-0.3,0.14,9087,1.45,10.8,0.65,0.45,0.61,0.82,0.54,0.119,0.03,14.82,2.57,50.83
Bareilly,2024,1,28.367,79.4304,172,16.3,3.1,11.3,52.6,2.6,0.25,-0.3,0.14,9087,1.45,10.8,0.65,0.45,0.61,0.82,0.54,0.119,0.03,15.74,3.3,50.43
Bareilly,2024,2,28.367,79.4304,172,16.2,2.2,11.2,49.5,1.3,0.25,-0.3,0.14,9087,1.45,10.8,0.65,0.45,0.61,0.82,0.54,0.119,0.03,16.47,4.12,52.62
Bareilly,2024,3,28.367,79.4304,172,25.3,10.4,20.3,51.7,3.2,0.175,-0.3,0.14,9087,1.45,10.8,0.65,0.45,0.61,0.82,0.54,0.119,0.03,25.93,13.33,50.44
Bareilly,2024,4,28.367,79.4304,172,31.4,17.9,26.4,47.3,3.6,0.175,-0.3,0.14,9087,1.45,10.8,0.65,0.45,0.61,0.82,0.54,0.119,0.03,30.3,18.42,49.9
Bareilly,2024,5,28.367,79.4304,172,37.5,23.9,32.5,26.2,3.3,0.175,-0.3,0.14,9087,1.45,10.8,0.65,0.45,0.61,0.82,0.54,0.119,0.03,37.05,24.94,52.87
Bareilly,2024,6,28.367,79.4304,172,37.4,24.2,32.4,62.4,2.2,0.25,-0.3,0.14,9087,1.45,10.8,0.65,0.45,0.61,0.82,0.54,0.119,0.03,36.44,24.07,50.48
Bareilly,2024,7,28.367,79.4304,172,34.8,21.3,29.8,74.7,1.3,0.35,-0.18,0.14,9087,1.45,10.8,0.65,0.45,0.61,0.82,0.54,0.119,0.03,36.3,23.55,50.53
Bareilly,2024,8,28.367,79.4304,172,33.9,20.6,28.9,76.8,2.0,0.35,-0.18,0.14,9087,1.45,10.8,0.65,0.45,0.61,0.82,0.54,0.119,0.03,35.08,22.51,51.15
Bareilly,2024,9,28.367,79.4304,172,30.2,15.7,25.2,80.1,2.5,0.35,-0.18,0.14,9087,1.45,10.8,0.65,0.45,0.61,0.82,0.54,0.119,0.03,32.5,19.81,52.58
Bareilly,2024,10,28.367,79.4304,172,27.4,13.5,22.4,43.4,2.0,0.25,-0.3,0.14,9087,1.45,10.8,0.65,0.45,0.61,0.82,0.54,0.119,0.03,26.03,13.45,51.81
Bareilly,2024,11,28.367,79.4304,172,21.9,9.3,16.9,51.9,1.8,0.25,-0.3,0.14,9087,1.45,10.8,0.65,0.45,0.61,0.82,0.54,0.119,0.03,19.14,6.97,51.29
Bareilly,2024,12,28.367,79.4304,172,20.5,6.9,15.5,72.7,2.4,0.25,-0.3,0.14,9087,1.45,10.8,0.65,0.45,0.61,0.82,0.54,0.119,0.03,19.34,6.85,50.54
Moradabad,2020,1,28.8386,78.7733,186,15.9,1.1,10.9,60.5,1.7,0.2,-0.33,0.19,10088,1.25,11.8,0.79,0.7,0.71,0.82,0.56,0.083,0.03,16.59,4.1,56.44
Moradabad,2020,2,28.8386,78.7733,186,18.8,5.0,13.8,45.1,2.8,0.2,-0.33,0.19,10088,1.25,11.8,0.79,0.7,0.71,0.82,0.56,0.083,0.03,19.03,6.96,56.33
Moradabad,2020,3,28.8386,78.7733,186,27.4,12.4,22.4,55.6,2.3,0.14,-0.33,0.19,10088,1.25,11.8,0.79,0.7,0.71,0.82,0.56,0.083,0.03,26.49,14.17,56.11
Moradabad,2020,4,28.8386,78.7733,186,33.0,20.3,28.0,33.5,1.9,0.14,-0.33,0.19,10088,1.25,11.8,0.79,0.7,0.71,0.82,0.56,0.083,0.03,33.73,20.95,55.97
Moradabad,2020,5,28.8386,78.7733,186,38.7,24.8,33.7,34.9,3.0,0.14,-0.33,0.19,10088,1.25,11.8,0.79,0.7,0.71,0.82,0.56,0.083,0.03,38.96,26.68,59.09
Moradabad,2020,6,28.8386,78.7733,186,39.6,25.3,34.6,54.0,2.5,0.2,-0.33,0.19,10088,1.25,11.8,0.79,0.7,0.71,0.82,0.56,0.083,0.03,39.09,26.09,59.37
Moradabad,2020,7,28.8386,78.7733,186,35.9,22.2,30.9,81.8,2.1,0.28,-0.198,0.19,10088,1.25,11.8,0.79,0.7,0.71,0.82,0.56,0.083,0.03,36.87,24.12,59.23
Moradabad,2020,8,28.8386,78.7733,186,36.5,24.3,31.5,77.6,0.5,0.28,-0.198,0.19,10088,1.25,11.8,0.79,0.7,0.71,0.82,0.56,0.083,0.03,33.89,21.35,60.05
Moradabad,2020,9,28.8386,78.7733,186,33.0,20.5,28.0,80.4,2.2,0.28,-0.198,0.19,10088,1.25,11.8,0.79,0.7,0.71,0.82,0.56,0.083,0.03,35.48,22.89,61.22
Moradabad,2020,10,28.8386,78.7733,186,30.8,15.9,25.8,59.2,2.4,0.2,-0.33,0.19,10088,1.25,11.8,0.79,0.7,0.71,0.82,0.56,0.083,0.03,31.9,19.5,58.43
Moradabad,2020,11,28.8386,78.7733,186,20.1,5.5,15.1,55.8,2.9,0.2,-0.33,0.19,10088,1.25,11.8,0.79,0.7,0.71,0.82,0.56,0.083,0.03,21.49,8.75,58.8
Moradabad,2020,12,28.8386,78.7733,186,17.7,3.3,12.7,43.0,3.0,0.2,-0.33,0.19,10088,1.25,11.8,0.79,0.7,0.71,0.82,0.56,0.083,0.03,19.13,6.45,58.82
Moradabad,2021,1,28.8386,78.7733,186,16.8,2.7,11.8,57.0,1.1,0.2,-0.33,0.19,10088,1.25,11.8,0.79,0.7,0.71,0.82,0.56,0.083,0.03,17.63,5.3,56.11
Moradabad,2021,2,28.8386,78.7733,186,19.9,6.3,14.9,60.2,2.0,0.2,-0.33,0.19,10088,1.25,11.8,0.79,0.7,0.71,0.82,0.56,0.083,0.03,20.27,7.78,60.76
Moradabad,2021,3,28.8386,78.7733,186,27.5,14.0,22.5,42.9,1.8,0.14,-0.33,0.19,10088,1.25,11.8,0.79,0.7,0.71,0.82,0.56,0.083,0.03,27.6,14.05,56.4
Moradabad,2021,4,28.8386,78.7733,186,33.6,18.8,28.6,37.3,3.1,0.14,-0.33,0.19,10088,1.25,11.8,0.79,0.7,0.71,0.82,0.56,0.083,0.03,32.04,19.6,57.91
Moradabad,2021,5,28.8386,78.7733,186,41.9,27.0,36.9,58.3,2.7,0.14,-0.33,0.19,10088,1.25,11.8,0.79,0.7,0.71,0.82,0.56,0.083,0.03,37.65,24.51,57.27
Moradabad,2021,6,28.8386,78.7733,186,35.0,22.9,30.0,60.3,1.3,0.2,-0.33,0.19,10088,1.25,11.8,0.79,0.7,0.71,0.82,0.56,0.083,0.03,36.32,23.54,57.51
Moradabad,2021,7,28.8386,78.7733,186,36.6,22.4,31.6,80.1,1.7,0.28,-0.198,0.19,10088,1.25,11.8,0.79,0.7,0.71,0.82,0.56,0.083,0.03,37.27,24.93,54.21
Moradabad,2021,8,28.8386,78.7733,186,35.3,21.7,30.3,81.4,1.8,0.28,-0.198,0.19,10088,1.25,11.8,0.79,0.7,0.71,0.82,0.56,0.083,0.03,36.33,23.67,57.72
Moradabad,2021,9,28.8386,78.7733,186,35.1,22.2,30.1,85.4,1.4,0.28,-0.198,0.19,10088,1.25,11.8,0.79,0.7,0.71,0.82,0.56,0.083,0.03,35.05,22.75,55.67
Moradabad,2021,10,28.8386,78.7733,186,31.9,18.0,26.9,60.5,1.9,0.2,-0.33,0.19,10088,1.25,11.8,0.79,0.7,0.71,0.82,0.56,0.083,0.03,30.89,18.12,56.43
Moradabad,2021,11,28.8386,78.7733,186,23.9,10.0,18.9,58.8,0.5,0.2,-0.33,0.19,10088,1.25,11.8,0.79,0.7,0.71,0.82,0.56,0.083,0.03,25.69,12.87,57.47
Moradabad,2021,12,28.8386,78.7733,186,21.7,9.3,16.7,62.0,2.8,0.2,-0.33,0.19,10088,1.25,11.8,0.79,0.7,0.71,0.82,0.56,0.083,0.03,22.29,9.9,56.77
Moradabad,2022,1,28.8386,78.7733,186,16.6,4.4,11.6,41.5,2.2,0.2,-0.33,0.19,10088,1.25,11.8,0.79,0.7,0.71,0.82,0.56,0.083,0.03,17.3,4.42,56.38
Moradabad,2022,2,28.8386,78.7733,186,21.3,8.7,16.3,45.0,2.2,0.2,-0.33,0.19,10088,1.25,11.8,0.79,0.7,0.71,0.82,0.56,0.083,0.03,20.49,7.97,58.13
Moradabad,2022,3,28.8386,78.7733,186,26.4,12.1,21.4,49.7,4.5,0.14,-0.33,0.19,10088,1.25,11.8,0.79,0.7,0.71,0.82,0.56,0.083,0.03,26.7,14.04,57.56
Moradabad,2022,4,28.8386,78.7733,186,34.5,19.7,29.5,32.3,5.1,0.14,-0.33,0.19,10088,1.25,11.8,0.79,0.7,0.71,0.82,0.56,0.083,0.03,35.74,23.28,57.11
Moradabad,2022,5,28.8386,78.7733,186,36.7,22.4,31.7,39.9,1.8,0.14,-0.33,0.19,10088,1.25,11.8,0.79,0.7,0.71,0.82,0.56,0.083,0.03,38.3,25.42,54.67
Moradabad,2022,6,28.8386,78.7733,186,36.3,23.7,31.3,60.2,2.7,0.2,-0.33,0.19,10088,1.25,11.8,0.79,0.7,0.71,0.82,0.56,0.083,0.03,37.94,25.48,55.29
Moradabad,2022,7,28.8386,78.7733,186,33.8,20.1,28.8,84.6,2.7,0.28,-0.198,0.19,10088,1.25,11.8,0.79,0.7,0.71,0.82,0.56,0.083,0.03,34.69,21.85,58.65
Moradabad,2022,8,28.8386,78.7733,186,35.5,21.2,30.5,86.3,2.2,0.28,-0.198,0.19,10088,1.25,11.8,0.79,0.7,0.71,0.82,0.56,0.083,0.03,34.98,22.07,58.88
Moradabad,2022,9,28.8386,78.7733,186,31.4,17.5,26.4,77.3,2.9,0.28,-0.198,0.19,10088,1.25,11.8,0.79,0.7,0.71,0.82,0.56,0.083,0.03,33.32,20.94,59.8
Moradabad,2022,10,28.8386,78.7733,186,27.4,12.5,22.4,55.0,3.0,0.2,-0.33,0.19,10088,1.25,11.8,0.79,0.7,0.71,0.82,0.56,0.083,0.03,28.66,16.23,57.31
Moradabad,2022,11,28.8386,78.7733,186,24.4,11.6,19.4,49.2,3.4,0.2,-0.33,0.19,10088,1.25,11.8,0.79,0.7,0.71,0.82,0.56,0.083,0.03,24.56,11.57,60.61
Moradabad,2022,12,28.8386,78.7733,186,19.5,6.9,14.5,61.3,2.8,0.2,-0.33,0.19,10088,1.25,11.8,0.79,0.7,0.71,0.82,0.56,0.083,0.03,20.96,8.27,59.02
Moradabad,2023,1,28.8386,78.7733,186,18.0,3.4,13.0,46.8,1.9,0.2,-0.33,0.19,10088,1.25,11.8,0.79,0.7,0.71,0.82,0.56,0.083,0.03,18.9,6.48,57.9
Moradabad,2023,2,28.8386,78.7733,186,20.3,6.8,15.3,52.6,3.2,0.2,-0.33,0.19,10088,1.25,11.8,0.79,0.7,0.71,0.82,0.56,0.083,0.03,21.04,8.72,58.48
Moradabad,2023,3,28.8386,78.7733,186,26.6,12.6,21.6,41.2,3.9,0.14,-0.33,0.19,10088,1.25,11.8,0.79,0.7,0.71,0.82,0.56,0.083,0.03,26.52,13.33,56.14
Moradabad,2023,4,28.8386,78.7733,186,31.1,17.2,26.1,37.8,3.6,0.14,-0.33,0.19,10088,1.25,11.8,0.79,0.7,0.71,0.82,0.56,0.083,0.03,30.9,18.05,58.33
Moradabad,2023,5,28.8386,78.7733,186,42.0,29.9,37.0,45.7,2.8,0.14,-0.33,0.19,10088,1.25,11.8,0.79,0.7,0.71,0.82,0.56,0.083,0.03,42.96,30.19,57.59
Moradabad,2023,6,28.8386,78.7733,186,39.0,25.6,34.0,51.6,1.6,0.2,-0.33,0.19,10088,1.25,11.8,0.79,0.7,0.71,0.82,0.56,0.083,0.03,39.63,27.59,54.78
Moradabad,2023,7,28.8386,78.7733,186,33.4,21.4,28.4,77.3,3.3,0.28,-0.198,0.19,10088,1.25,11.8,0.79,0.7,0.71,0.82,0.56,0.083,0.03,34.24,22.07,60.63
Moradabad,2023,8,28.8386,78.7733,186,35.5,20.7,30.5,67.5,3.6,0.28,-0.198,0.19,10088,1.25,11.8,0.79,0.7,0.71,0.82,0.56,0.083,0.03,35.63,23.07,59.61
Moradabad,2023,9,28.8386,78.7733,186,35.5,22.0,30.5,71.8,1.2,0.28,-0.198,0.19,10088,1.25,11.8,0.79,0.7,0.71,0.82,0.56,0.083,0.03,34.06,21.01,57.62
Moradabad,2023,10,28.8386,78.7733,186,29.6,14.7,24.6,60.8,2.4,0.2,-0.33,0.19,10088,1.25,11.8,0.79,0.7,0.71,0.82,0.56,0.083,0.03,30.55,18.28,59.06
Moradabad,2023,11,28.8386,78.7733,186,26.9,14.1,21.9,49.5,3.3,0.2,-0.33,0.19,10088,1.25,11.8,0.79,0.7,0.71,0.82,0.56,0.083,0.03,25.96,13.25,58.1
Moradabad,2023,12,28.8386,78.7733,186,18.7,5.4,13.7,38.4,2.0,0.2,-0.33,0.19,10088,1.25,11.8,0.79,0.7,0.71,0.82,0.56,0.083,0.03,19.27,6.74,61.06
Moradabad,2024,1,28.8386,78.7733,186,16.4,4.3,11.4,46.0,2.6,0.2,-0.33,0.19,10088,1.25,11.8,0.79,0.7,0.71,0.82,0.56,0.083,0.03,18.49,5.86,58.61
Moradabad,2024,2,28.8386,78.7733,186,19.9,5.6,14.9,60.9,1.8,0.2,-0.33,0.19,10088,1.25,11.8,0.79,0.7,0.71,0.82,0.56,0.083,0.03,21.36,8.67,55.5
Moradabad,2024,3,28.8386,78.7733,186,25.3,11.1,20.3,37.8,4.1,0.14,-0.33,0.19,10088,1.25,11.8,0.79,0.7,0.71,0.82,0.56,0.083,0.03,26.93,14.15,57.93
Moradabad,2024,4,28.8386,78.7733,186,33.5,20.7,28.5,40.8,2.4,0.14,-0.33,0.19,10088,1.25,11.8,0.79,0.7,0.71,0.82,0.56,0.083,0.03,32.97,20.42,61.52
Moradabad,2024,5,28.8386,78.7733,186,38.7,24.0,33.7,32.9,1.7,0.14,-0.33,0.19,10088,1.25,11.8,0.79,0.7,0.71,0.82,0.56,0.083,0.03,38.95,26.53,58.12
Moradabad,2024,6,28.8386,78.7733,186,38.1,23.3,33.1,62.1,1.1,0.2,-0.33,0.19,10088,1.25,11.8,0.79,0.7,0.71,0.82,0.56,0.083,0.03,38.94,26.01,57.04
Moradabad,2024,7,28.8386,78.7733,186,37.2,23.1,32.2,80.5,2.2,0.28,-0.198,0.19,10088,1.25,11.8,0.79,0.7,0.71,0.82,0.56,0.083,0.03,36.53,23.98,56.7
Moradabad,2024,8,28.8386,78.7733,186,33.7,19.8,28.7,75.6,4.0,0.28,-0.198,0.19,10088,1.25,11.8,0.79,0.7,0.71,0.82,0.56,0.083,0.03,35.17,22.84,58.19
Moradabad,2024,9,28.8386,78.7733,186,33.4,18.5,28.4,82.1,0.9,0.28,-0.198,0.19,10088,1.25,11.8,0.79,0.7,0.71,0.82,0.56,0.083,0.03,35.33,22.39,54.24
Moradabad,2024,10,28.8386,78.7733,186,30.3,18.0,25.3,52.8,2.0,0.2,-0.33,0.19,10088,1.25,11.8,0.79,0.7,0.71,0.82,0.56,0.083,0.03,30.18,17.32,56.74
Moradabad,2024,11,28.8386,78.7733,186,25.8,11.3,20.8,58.6,0.7,0.2,-0.33,0.19,10088,1.25,11.8,0.79,0.7,0.71,0.82,0.56,0.083,0.03,26.3,13.63,58.32
Moradabad,2024,12,28.8386,78.7733,186,18.2,4.5,13.2,63.3,1.7,0.2,-0.33,0.19,10088,1.25,11.8,0.79,0.7,0.71,0.82,0.56,0.083,0.03,19.1,6.36,59.3
Aligarh,2020,1,27.8974,78.088,178,19.3,5.6,14.3,50.8,1.3,0.16,-0.41,0.23,10579,1.12,12.6,0.89,0.6,0.74,0.82,0.561,0.059,0.02,19.05,6.33,64.07
Aligarh,2020,2,27.8974,78.088,178,20.4,6.1,15.4,54.3,2.0,0.16,-0.41,0.23,10579,1.12,12.6,0.89,0.6,0.74,0.82,0.561,0.059,0.02,21.28,8.6,58.23
Aligarh,2020,3,27.8974,78.088,178,25.6,12.4,20.6,30.0,4.0,0.112,-0.41,0.23,10579,1.12,12.6,0.89,0.6,0.74,0.82,0.561,0.059,0.02,27.53,14.54,60.99
Aligarh,2020,4,27.8974,78.088,178,37.2,22.6,32.2,50.4,1.5,0.112,-0.41,0.23,10579,1.12,12.6,0.89,0.6,0.74,0.82,0.561,0.059,0.02,38.62,25.33,63.02
Aligarh,2020,5,27.8974,78.088,178,42.5,27.9,37.5,54.4,2.6,0.112,-0.41,0.23,10579,1.12,12.6,0.89,0.6,0.74,0.82,0.561,0.059,0.02,40.88,27.95,57.19
Aligarh,2020,6,27.8974,78.088,178,38.6,24.8,33.6,63.0,3.9,0.16,-0.41,0.23,10579,1.12,12.6,0.89,0.6,0.74,0.82,0.561,0.059,0.02,39.43,27.02,61.43
Aligarh,2020,7,27.8974,78.088,178,38.9,24.6,33.9,78.3,2.6,0.224,-0.246,0.23,10579,1.12,12.6,0.89,0.6,0.74,0.82,0.561,0.059,0.02,38.82,25.82,62.22
Aligarh,2020,8,27.8974,78.088,178,33.8,20.6,28.8,75.1,2.3,0.224,-0.246,0.23,10579,1.12,12.6,0.89,0.6,0.74,0.82,0.561,0.059,0.02,35.85,23.01,61.07
Aligarh,2020,9,27.8974,78.088,178,38.9,26.5,33.9,87.2,1.4,0.224,-0.246,0.23,10579,1.12,12.6,0.89,0.6,0.74,0.82,0.561,0.059,0.02,38.67,25.85,62.93
Aligarh,2020,10,27.8974,78.088,178,34.7,21.4,29.7,48.6,2.1,0.16,-0.41,0.23,10579,1.12,12.6,0.89,0.6,0.74,0.82,0.561,0.059,0.02,34.64,22.57,59.3
Aligarh,2020,11,27.8974,78.088,178,27.5,12.9,22.5,53.4,2.2,0.16,-0.41,0.23,10579,1.12,12.6,0.89,0.6,0.74,0.82,0.561,0.059,0.02,27.91,15.51,62.07
Aligarh,2020,12,27.8974,78.088,178,19.3,6.4,14.3,48.5,1.7,0.16,-0.41,0.23,10579,1.12,12.6,0.89,0.6,0.74,0.82,0.561,0.059,0.02,20.99,8.14,61.16
Aligarh,2021,1,27.8974,78.088,178,15.2,2.8,10.2,64.4,1.5,0.16,-0.41,0.23,10579,1.12,12.6,0.89,0.6,0.74,0.82,0.561,0.059,0.02,17.77,5.46,60.54
Aligarh,2021,2,27.8974,78.088,178,22.3,9.6,17.3,71.9,2.3,0.16,-0.41,0.23,10579,1.12,12.6,0.89,0.6,0.74,0.82,0.561,0.059,0.02,23.01,10.16,59.42
Aligarh,2021,3,27.8974,78.088,178,27.2,13.0,22.2,29.2,3.8,0.112,-0.41,0.23,10579,1.12,12.6,0.89,0.6,0.74,0.82,0.561,0.059,0.02,27.81,14.68,59.57
Aligarh,2021,4,27.8974,78.088,178,37.3,24.4,32.3,33.1,4.9,0.112,-0.41,0.23,10579,1.12,12.6,0.89,0.6,0.74,0.82,0.561,0.059,0.02,36.73,24.45,60.88
Aligarh,2021,5,27.8974,78.088,178,42.4,29.2,37.4,30.2,3.8,0.112,-0.41,0.23,10579,1.12,12.6,0.89,0.6,0.74,0.82,0.561,0.059,0.02,42.41,29.75,63.61
Aligarh,2021,6,27.8974,78.088,178,40.3,28.0,35.3,70.3,0.9,0.16,-0.41,0.23,10579,1.12,12.6,0.89,0.6,0.74,0.82,0.561,0.059,0.02,41.96,29.01,60.58
Aligarh,2021,7,27.8974,78.088,178,35.2,23.2,30.2,75.7,2.5,0.224,-0.246,0.23,10579,1.12,12.6,0.89,0.6,0.74,0.82,0.561,0.059,0.02,36.79,23.65,61.65
Aligarh,2021,8,27.8974,78.088,178,35.5,21.8,30.5,70.0,1.4,0.224,-0.246,0.23,10579,1.12,12.6,0.89,0.6,0.74,0.82,0.561,0.059,0.02,36.87,24.24,62.49
Aligarh,2021,9,27.8974,78.088,178,33.3,20.4,28.3,73.1,1.8,0.224,-0.246,0.23,10579,1.12,12.6,0.89,0.6,0.74,0.82,0.561,0.059,0.02,34.94,22.32,64.48
Aligarh,2021,10,27.8974,78.088,178,31.7,18.3,26.7,63.0,1.3,0.16,-0.41,0.23,10579,1.12,12.6,0.89,0.6,0.74,0.82,0.561,0.059,0.02,31.98,19.52,59.99
Aligarh,2021,11,27.8974,78.088,178,25.9,13.0,20.9,57.8,3.0,0.16,-0.41,0.23,10579,1.12,12.6,0.89,0.6,0.74,0.82,0.561,0.059,0.02,25.28,11.99,62.16
Aligarh,2021,12,27.8974,78.088,178,19.9,6.3,14.9,50.0,1.8,0.16,-0.41,0.23,10579,1.12,12.6,0.89,0.6,0.74,0.82,0.561,0.059,0.02,20.13,7.17,58.48
Aligarh,2022,1,27.8974,78.088,178,16.0,3.8,11.0,48.5,2.9,0.16,-0.41,0.23,10579,1.12,12.6,0.89,0.6,0.74,0.82,0.561,0.059,0.02,17.76,5.48,61.49
Aligarh,2022,2,27.8974,78.088,178,20.9,6.0,15.9,58.6,2.0,0.16,-0.41,0.23,10579,1.12,12.6,0.89,0.6,0.74,0.82,0.561,0.059,0.02,20.53,7.82,62.96
Aligarh,2022,3,27.8974,78.088,178,28.5,13.7,23.5,38.5,3.5,0.112,-0.41,0.23,10579,1.12,12.6,0.89,0.6,0.74,0.82,0.561,0.059,0.02,28.39,15.53,60.86
Aligarh,2022,4,27.8974,78.088,178,31.9,19.1,26.9,50.9,2.0,0.112,-0.41,0.23,10579,1.12,12.6,0.89,0.6,0.74,0.82,0.561,0.059,0.02,35.36,22.21,59.43
Aligarh,2022,5,27.8974,78.088,178,40.7,28.5,35.7,27.5,3.5,0.112,-0.41,0.23,10579,1.12,12.6,0.89,0.6,0.74,0.82,0.561,0.059,0.02,41.6,28.34,62.72
Aligarh,2022,6,27.8974,78.088,178,42.6,29.8,37.6,59.7,1.5,0.16,-0.41,0.23,10579,1.12,12.6,0.89,0.6,0.74,0.82,0.561,0.059,0.02,41.69,29.34,61.68
Aligarh,2022,7,27.8974,78.088,178,35.2,20.5,30.2,76.0,0.5,0.224,-0.246,0.23,10579,1.12,12.6,0.89,0.6,0.74,0.82,0.561,0.059,0.02,37.21,24.41,58.14
Aligarh,2022,8,27.8974,78.088,178,36.3,23.7,31.3,70.7,1.7,0.224,-0.246,0.23,10579,1.12,12.6,0.89,0.6,0.74,0.82,0.561,0.059,0.02,37.09,24.59,64.02
Aligarh,2022,9,27.8974,78.088,178,32.7,20.2,27.7,75.4,1.4,0.224,-0.246,0.23,10579,1.12,12.6,0.89,0.6,0.74,0.82,0.561,0.059,0.02,35.7,23.21,60.87
Aligarh,2022,10,27.8974,78.088,178,32.2,20.1,27.2,71.0,2.9,0.16,-0.41,0.23,10579,1.12,12.6,0.89,0.6,0.74,0.82,0.561,0.059,0.02,31.77,19.02,59.4
Aligarh,2022,11,27.8974,78.088,178,27.8,13.5,22.8,48.1,0.5,0.16,-0.41,0.23,10579,1.12,12.6,0.89,0.6,0.74,0.82,0.561,0.059,0.02,28.23,15.84,64.89
Aligarh,2022,12,27.8974,78.088,178,19.8,5.5,14.8,55.7,1.5,0.16,-0.41,0.23,10579,1.12,12.6,0.89,0.6,0.74,0.82,0.561,0.059,0.02,19.44,6.74,62.68
Aligarh,2023,1,27.8974,78.088,178,18.1,3.2,13.1,38.0,2.9,0.16,-0.41,0.23,10579,1.12,12.6,0.89,0.6,0.74,0.82,0.561,0.059,0.02,18.07,5.33,65.37
Aligarh,2023,2,27.8974,78.088,178,22.8,9.4,17.8,66.3,1.0,0.16,-0.41,0.23,10579,1.12,12.6,0.89,0.6,0.74,0.82,0.561,0.059,0.02,22.02,9.56,62.36
Aligarh,2023,3,27.8974,78.088,178,29.1,17.0,24.1,35.9,4.0,0.112,-0.41,0.23,10579,1.12,12.6,0.89,0.6,0.74,0.82,0.561,0.059,0.02,27.85,15.12,60.79
Aligarh,2023,4,27.8974,78.088,178,36.4,24.3,31.4,27.8,3.4,0.112,-0.41,0.23,10579,1.12,12.6,0.89,0.6,0.74,0.82,0.561,0.059,0.02,36.6,23.49,61.13
Aligarh,2023,5,27.8974,78.088,178,39.6,27.0,34.6,46.7,3.1,0.112,-0.41,0.23,10579,1.12,12.6,0.89,0.6,0.74,0.82,0.561,0.059,0.02,40.63,27.98,63.55
Aligarh,2023,6,27.8974,78.088,178,39.7,25.3,34.7,49.7,1.4,0.16,-0.41,0.23,10579,1.12,12.6,0.89,0.6,0.74,0.82,0.561,0.059,0.02,42.16,29.65,59.62
Aligarh,2023,7,27.8974,78.088,178,35.7,21.2,30.7,74.8,2.3,0.224,-0.246,0.23,10579,1.12,12.6,0.89,0.6,0.74,0.82,0.561,0.059,0.02,36.44,24.08,62.12
Aligarh,2023,8,27.8974,78.088,178,37.1,23.3,32.1,81.2,0.7,0.224,-0.246,0.23,10579,1.12,12.6,0.89,0.6,0.74,0.82,0.561,0.059,0.02,38.13,26.19,59.98
Aligarh,2023,9,27.8974,78.088,178,37.4,24.9,32.4,81.2,3.3,0.224,-0.246,0.23,10579,1.12,12.6,0.89,0.6,0.74,0.82,0.561,0.059,0.02,37.14,24.34,58.75
Aligarh,2023,10,27.8974,78.088,178,29.0,15.5,24.0,61.2,2.0,0.16,-0.41,0.23,10579,1.12,12.6,0.89,0.6,0.74,0.82,0.561,0.059,0.02,31.07,18.57,61.97
Aligarh,2023,11,27.8974,78.088,178,26.5,12.7,21.5,56.8,1.6,0.16,-0.41,0.23,10579,1.12,12.6,0.89,0.6,0.74,0.82,0.561,0.059,0.02,25.5,12.63,63.59
Aligarh,2023,12,27.8974,78.088,178,20.0,7.8,15.0,70.8,1.1,0.16,-0.41,0.23,10579,1.12,12.6,0.89,0.6,0.74,0.82,0.561,0.059,0.02,21.17,8.33,61.41
Aligarh,2024,1,27.8974,78.088,178,15.6,2.1,10.6,64.7,1.7,0.16,-0.41,0.23,10579,1.12,12.6,0.89,0.6,0.74,0.82,0.561,0.059,0.02,17.19,5.07,64.14
Aligarh,2024,2,27.8974,78.088,178,22.7,10.3,17.7,56.8,2.4,0.16,-0.41,0.23,10579,1.12,12.6,0.89,0.6,0.74,0.82,0.561,0.059,0.02,24.4,12.17,60.99
Aligarh,2024,3,27.8974,78.088,178,31.0,18.9,26.0,44.6,3.3,0.112,-0.41,0.23,10579,1.12,12.6,0.89,0.6,0.74,0.82,0.561,0.059,0.02,28.48,15.91,61.54
Aligarh,2024,4,27.8974,78.088,178,34.3,20.7,29.3,27.3,3.1,0.112,-0.41,0.23,10579,1.12,12.6,0.89,0.6,0.74,0.82,0.561,0.059,0.02,35.92,23.13,65.33
Aligarh,2024,5,27.8974,78.088,178,41.3,29.1,36.3,40.9,3.0,0.112,-0.41,0.23,10579,1.12,12.6,0.89,0.6,0.74,0.82,0.561,0.059,0.02,41.01,28.58,62.4
Aligarh,2024,6,27.8974,78.088,178,38.1,24.6,33.1,47.5,2.4,0.16,-0.41,0.23,10579,1.12,12.6,0.89,0.6,0.74,0.82,0.561,0.059,0.02,38.27,25.22,61.93
Aligarh,2024,7,27.8974,78.088,178,37.0,22.7,32.0,82.3,2.1,0.224,-0.246,0.23,10579,1.12,12.6,0.89,0.6,0.74,0.82,0.561,0.059,0.02,38.74,26.49,64.32
Aligarh,2024,8,27.8974,78.088,178,36.4,22.8,31.4,81.9,1.6,0.224,-0.246,0.23,10579,1.12,12.6,0.89,0.6,0.74,0.82,0.561,0.059,0.02,36.51,23.38,64.76
Aligarh,2024,9,27.8974,78.088,178,34.0,19.4,29.0,82.7,1.9,0.224,-0.246,0.23,10579,1.12,12.6,0.89,0.6,0.74,0.82,0.561,0.059,0.02,33.29,21.08,63.22
Aligarh,2024,10,27.8974,78.088,178,30.4,18.1,25.4,66.0,1.5,0.16,-0.41,0.23,10579,1.12,12.6,0.89,0.6,0.74,0.82,0.561,0.059,0.02,31.86,19.08,61.88
Aligarh,2024,11,27.8974,78.088,178,25.8,13.1,20.8,43.5,2.6,0.16,-0.41,0.23,10579,1.12,12.6,0.89,0.6,0.74,0.82,0.561,0.059,0.02,27.09,14.19,63.41
Aligarh,2024,12,27.8974,78.088,178,18.7,5.2,13.7,49.9,4.3,0.16,-0.41,0.23,10579,1.12,12.6,0.89,0.6,0.74,0.82,0.561,0.059,0.02,21.74,9.28,62.17
Gorakhpur,2020,1,26.7606,83.3732,77,15.9,1.1,10.9,52.3,1.2,0.29,-0.2,0.11,6118,0.94,10.2,0.42,0.3,0.37,0.82,0.48,0.147,0.05,16.52,3.86,35.24
Gorakhpur,2020,2,26.7606,83.3732,77,18.4,5.6,13.4,44.9,1.9,0.29,-0.2,0.11,6118,0.94,10.2,0.42,0.3,0.37,0.82,0.48,0.147,0.05,19.28,6.73,31.56
Gorakhpur,2020,3,26.7606,83.3732,77,23.5,11.5,18.5,32.5,3.4,0.203,-0.2,0.11,6118,0.94,10.2,0.42,0.3,0.37,0.82,0.48,0.147,0.05,23.81,11.83,39.0
Gorakhpur,2020,4,26.7606,83.3732,77,33.0,19.0,28.0,49.7,3.8,0.203,-0.2,0.11,6118,0.94,10.2,0.42,0.3,0.37,0.82,0.48,0.147,0.05,32.15,19.8,30.95
Gorakhpur,2020,5,26.7606,83.3732,77,40.0,25.3,35.0,41.4,3.9,0.203,-0.2,0.11,6118,0.94,10.2,0.42,0.3,0.37,0.82,0.48,0.147,0.05,36.62,23.75,35.52
Gorakhpur,2020,6,26.7606,83.3732,77,33.4,20.8,28.4,42.0,1.7,0.29,-0.2,0.11,6118,0.94,10.2,0.42,0.3,0.37,0.82,0.48,0.147,0.05,35.32,22.91,36.1
Gorakhpur,2020,7,26.7606,83.3732,77,30.8,16.2,25.8,79.7,2.0,0.406,-0.12,0.11,6118,0.94,10.2,0.42,0.3,0.37,0.82,0.48,0.147,0.05,30.07,17.07,34.53
Gorakhpur,2020,8,26.7606,83.3732,77,31.6,18.1,26.6,71.8,2.4,0.406,-0.12,0.11,6118,0.94,10.2,0.42,0.3,0.37,0.82,0.48,0.147,0.05,29.97,17.55,36.15
Gorakhpur,2020,9,26.7606,83.3732,77,27.0,13.1,22.0,77.9,0.5,0.406,-0.12,0.11,6118,0.94,10.2,0.42,0.3,0.37,0.82,0.48,0.147,0.05,28.27,15.83,35.39
Gorakhpur,2020,10,26.7606,83.3732,77,31.2,16.8,26.2,50.9,2.7,0.29,-0.2,0.11,6118,0.94,10.2,0.42,0.3,0.37,0.82,0.48,0.147,0.05,27.56,14.92,36.13
Gorakhpur,2020,11,26.7606,83.3732,77,20.6,7.9,15.6,52.4,2.5,0.29,-0.2,0.11,6118,0.94,10.2,0.42,0.3,0.37,0.82,0.48,0.147,0.05,20.55,8.05,34.62
Gorakhpur,2020,12,26.7606,83.3732,77,17.6,5.0,12.6,60.6,1.3,0.29,-0.2,0.11,6118,0.94,10.2,0.42,0.3,0.37,0.82,0.48,0.147,0.05,16.64,5.16,34.21
Gorakhpur,2021,1,26.7606,83.3732,77,15.0,0.9,10.0,71.8,1.9,0.29,-0.2,0.11,6118,0.94,10.2,0.42,0.3,0.37,0.82,0.48,0.147,0.05,14.73,1.75,35.54
Gorakhpur,2021,2,26.7606,83.3732,77,18.8,5.8,13.8,57.4,2.1,0.29,-0.2,0.11,6118,0.94,10.2,0.42,0.3,0.37,0.82,0.48,0.147,0.05,21.66,8.61,34.33
Gorakhpur,2021,3,26.7606,83.3732,77,25.5,11.9,20.5,37.6,3.1,0.203,-0.2,0.11,6118,0.94,10.2,0.42,0.3,0.37,0.82,0.48,0.147,0.05,24.94,12.23,35.33
Gorakhpur,2021,4,26.7606,83.3732,77,31.9,19.6,26.9,51.0,4.9,0.203,-0.2,0.11,6118,0.94,10.2,0.42,0.3,0.37,0.82,0.48,0.147,0.05,33.89,21.92,34.74
Gorakhpur,2021,5,26.7606,83.3732,77,33.4,18.4,28.4,41.8,2.3,0.203,-0.2,0.11,6118,0.94,10.2,0.42,0.3,0.37,0.82,0.48,0.147,0.05,34.24,21.92,33.35
Gorakhpur,2021,6,26.7606,83.3732,77,34.2,20.3,29.2,50.2,0.7,0.29,-0.2,0.11,6118,0.94,10.2,0.42,0.3,0.37,0.82,0.48,0.147,0.05,35.34,23.19,33.69
Gorakhpur,2021,7,26.7606,83.3732,77,29.3,16.2,24.3,75.9,0.5,0.406,-0.12,0.11,6118,0.94,10.2,0.42,0.3,0.37,0.82,0.48,0.147,0.05,29.27,17.03,36.32
Gorakhpur,2021,8,26.7606,83.3732,77,34.2,20.7,29.2,81.6,1.6,0.406,-0.12,0.11,6118,0.94,10.2,0.42,0.3,0.37,0.82,0.48,0.147,0.05,32.81,20.14,32.08
Gorakhpur,2021,9,26.7606,83.3732,77,26.8,14.5,21.8,69.0,0.5,0.406,-0.12,0.11,6118,0.94,10.2,0.42,0.3,0.37,0.82,0.48,0.147,0.05,28.21,15.61,36.25
Gorakhpur,2021,10,26.7606,83.3732,77,28.2,16.1,23.2,50.5,1.5,0.29,-0.2,0.11,6118,0.94,10.2,0.42,0.3,0.37,0.82,0.48,0.147,0.05,27.86,15.15,32.51
Gorakhpur,2021,11,26.7606,83.3732,77,22.0,9.0,17.0,56.7,2.3,0.29,-0.2,0.11,6118,0.94,10.2,0.42,0.3,0.37,0.82,0.48,0.147,0.05,22.66,10.11,33.14
Gorakhpur,2021,12,26.7606,83.3732,77,15.3,2.5,10.3,35.8,3.1,0.29,-0.2,0.11,6118,0.94,10.2,0.42,0.3,0.37,0.82,0.48,0.147,0.05,16.69,4.89,36.56
Gorakhpur,2022,1,26.7606,83.3732,77,15.4,2.3,10.4,52.2,1.8,0.29,-0.2,0.11,6118,0.94,10.2,0.42,0.3,0.37,0.82,0.48,0.147,0.05,17.59,4.84,34.03
Gorakhpur,2022,2,26.7606,83.3732,77,21.9,8.7,16.9,55.3,2.9,0.29,-0.2,0.11,6118,0.94,10.2,0.42,0.3,0.37,0.82,0.48,0.147,0.05,20.98,8.54,37.37
Gorakhpur,2022,3,26.7606,83.3732,77,27.7,14.4,22.7,20.0,5.2,0.203,-0.2,0.11,6118,0.94,10.2,0.42,0.3,0.37,0.82,0.48,0.147,0.05,27.76,14.84,33.64
Gorakhpur,2022,4,26.7606,83.3732,77,30.8,16.2,25.8,48.0,1.6,0.203,-0.2,0.11,6118,0.94,10.2,0.42,0.3,0.37,0.82,0.48,0.147,0.05,30.74,18.55,34.75
Gorakhpur,2022,5,26.7606,83.3732,77,35.4,21.6,30.4,40.8,1.7,0.203,-0.2,0.11,6118,0.94,10.2,0.42,0.3,0.37,0.82,0.48,0.147,0.05,35.04,22.86,38.97
Gorakhpur,2022,6,26.7606,83.3732,77,34.5,20.8,29.5,55.8,0.5,0.29,-0.2,0.11,6118,0.94,10.2,0.42,0.3,0.37,0.82,0.48,0.147,0.05,33.87,21.27,33.86
Gorakhpur,2022,7,26.7606,83.3732,77,29.1,14.6,24.1,81.9,2.0,0.406,-0.12,0.11,6118,0.94,10.2,0.42,0.3,0.37,0.82,0.48,0.147,0.05,30.93,19.0,38.57
Gorakhpur,2022,8,26.7606,83.3732,77,27.4,14.9,22.4,78.7,2.0,0.406,-0.12,0.11,6118,0.94,10.2,0.42,0.3,0.37,0.82,0.48,0.147,0.05,29.4,17.28,32.79
Gorakhpur,2022,9,26.7606,83.3732,77,30.7,18.1,25.7,88.3,1.3,0.406,-0.12,0.11,6118,0.94,10.2,0.42,0.3,0.37,0.82,0.48,0.147,0.05,30.85,18.6,35.23
Gorakhpur,2022,10,26.7606,83.3732,77,31.2,17.7,26.2,57.7,1.5,0.29,-0.2,0.11,6118,0.94,10.2,0.42,0.3,0.37,0.82,0.48,0.147,0.05,32.12,20.06,36.2
Gorakhpur,2022,11,26.7606,83.3732,77,24.2,10.2,19.2,60.0,2.2,0.29,-0.2,0.11,6118,0.94,10.2,0.42,0.3,0.37,0.82,0.48,0.147,0.05,22.45,9.77,35.27
Gorakhpur,2022,12,26.7606,83.3732,77,19.8,7.2,14.8,48.6,2.0,0.29,-0.2,0.11,6118,0.94,10.2,0.42,0.3,0.37,0.82,0.48,0.147,0.05,18.2,5.56,33.33
Gorakhpur,2023,1,26.7606,83.3732,77,17.7,5.1,12.7,56.4,2.9,0.29,-0.2,0.11,6118,0.94,10.2,0.42,0.3,0.37,0.82,0.48,0.147,0.05,17.28,5.23,32.54
Gorakhpur,2023,2,26.7606,83.3732,77,17.2,4.5,12.2,53.3,2.7,0.29,-0.2,0.11,6118,0.94,10.2,0.42,0.3,0.37,0.82,0.48,0.147,0.05,17.39,5.4,33.66
Gorakhpur,2023,3,26.7606,83.3732,77,23.5,8.8,18.5,31.4,5.7,0.203,-0.2,0.11,6118,0.94,10.2,0.42,0.3,0.37,0.82,0.48,0.147,0.05,22.74,10.74,34.61
Gorakhpur,2023,4,26.7606,83.3732,77,33.6,20.6,28.6,36.8,3.6,0.203,-0.2,0.11,6118,0.94,10.2,0.42,0.3,0.37,0.82,0.48,0.147,0.05,32.49,20.12,34.84
Gorakhpur,2023,5,26.7606,83.3732,77,33.2,19.7,28.2,35.8,4.0,0.203,-0.2,0.11,6118,0.94,10.2,0.42,0.3,0.37,0.82,0.48,0.147,0.05,34.72,22.37,34.16
Gorakhpur,2023,6,26.7606,83.3732,77,33.9,19.8,28.9,61.6,2.7,0.29,-0.2,0.11,6118,0.94,10.2,0.42,0.3,0.37,0.82,0.48,0.147,0.05,33.43,20.79,33.56
Gorakhpur,2023,7,26.7606,83.3732,77,31.0,17.1,26.0,85.7,0.9,0.406,-0.12,0.11,6118,0.94,10.2,0.42,0.3,0.37,0.82,0.48,0.147,0.05,31.99,19.56,35.21
Gorakhpur,2023,8,26.7606,83.3732,77,29.2,15.6,24.2,78.4,2.8,0.406,-0.12,0.11,6118,0.94,10.2,0.42,0.3,0.37,0.82,0.48,0.147,0.05,30.14,17.93,37.36
Gorakhpur,2023,9,26.7606,83.3732,77,32.3,19.4,27.3,76.6,1.3,0.406,-0.12,0.11,6118,0.94,10.2,0.42,0.3,0.37,0.82,0.48,0.147,0.05,32.39,20.75,36.2
Gorakhpur,2023,10,26.7606,83.3732,77,29.5,16.5,24.5,68.7,1.4,0.29,-0.2,0.11,6118,0.94,10.2,0.42,0.3,0.37,0.82,0.48,0.147,0.05,29.15,16.98,36.32
Gorakhpur,2023,11,26.7606,83.3732,77,27.0,13.7,22.0,67.6,1.0,0.29,-0.2,0.11,6118,0.94,10.2,0.42,0.3,0.37,0.82,0.48,0.147,0.05,24.33,11.87,34.7
Gorakhpur,2023,12,26.7606,83.3732,77,20.4,5.6,15.4,53.7,1.3,0.29,-0.2,0.11,6118,0.94,10.2,0.42,0.3,0.37,0.82,0.48,0.147,0.05,16.95,4.6,36.48
Gorakhpur,2024,1,26.7606,83.3732,77,17.8,3.6,12.8,56.8,1.1,0.29,-0.2,0.11,6118,0.94,10.2,0.42,0.3,0.37,0.82,0.48,0.147,0.05,19.58,7.46,35.45
Gorakhpur,2024,2,26.7606,83.3732,77,20.4,7.9,15.4,63.3,1.0,0.29,-0.2,0.11,6118,0.94,10.2,0.42,0.3,0.37,0.82,0.48,0.147,0.05,19.88,6.99,32.64
Gorakhpur,2024,3,26.7606,83.3732,77,24.9,11.1,19.9,36.6,3.4,0.203,-0.2,0.11,6118,0.94,10.2,0.42,0.3,0.37,0.82,0.48,0.147,0.05,24.61,11.82,34.08
Gorakhpur,2024,4,26.7606,83.3732,77,33.2,20.9,28.2,31.8,2.0,0.203,-0.2,0.11,6118,0.94,10.2,0.42,0.3,0.37,0.82,0.48,0.147,0.05,31.91,19.35,36.89
Gorakhpur,2024,5,26.7606,83.3732,77,36.4,23.0,31.4,34.3,3.5,0.203,-0.2,0.11,6118,0.94,10.2,0.42,0.3,0.37,0.82,0.48,0.147,0.05,36.28,23.65,36.66
Gorakhpur,2024,6,26.7606,83.3732,77,38.0,23.8,33.0,70.1,1.3,0.29,-0.2,0.11,6118,0.94,10.2,0.42,0.3,0.37,0.82,0.48,0.147,0.05,34.91,22.54,37.65
Gorakhpur,2024,7,26.7606,83.3732,77,31.4,18.7,26.4,80.2,1.9,0.406,-0.12,0.11,6118,0.94,10.2,0.42,0.3,0.37,0.82,0.48,0.147,0.05,30.44,17.89,34.3
Gorakhpur,2024,8,26.7606,83.3732,77,30.6,17.2,25.6,85.9,1.5,0.406,-0.12,0.11,6118,0.94,10.2,0.42,0.3,0.37,0.82,0.48,0.147,0.05,28.89,16.59,31.11
Gorakhpur,2024,9,26.7606,83.3732,77,31.1,18.0,26.1,71.9,3.3,0.406,-0.12,0.11,6118,0.94,10.2,0.42,0.3,0.37,0.82,0.48,0.147,0.05,30.22,17.49,34.2
Gorakhpur,2024,10,26.7606,83.3732,77,29.0,14.5,24.0,58.3,2.9,0.29,-0.2,0.11,6118,0.94,10.2,0.42,0.3,0.37,0.82,0.48,0.147,0.05,29.18,17.17,33.54
Gorakhpur,2024,11,26.7606,83.3732,77,19.2,6.8,14.2,53.8,0.9,0.29,-0.2,0.11,6118,0.94,10.2,0.42,0.3,0.37,0.82,0.48,0.147,0.05,21.58,9.54,36.33
Gorakhpur,2024,12,26.7606,83.3732,77,19.5,5.9,14.5,55.7,2.8,0.29,-0.2,0.11,6118,0.94,10.2,0.42,0.3,0.37,0.82,0.48,0.147,0.05,16.32,4.3,32.46
Jhansi,2020,1,25.4484,78.5685,285,14.9,1.7,9.9,40.1,1.6,0.27,-0.32,0.12,5951,0.63,10.4,0.41,0.35,0.35,0.82,0.471,0.155,0.03,13.76,1.28,34.81
Jhansi,2020,2,25.4484,78.5685,285,17.2,2.7,12.2,51.3,0.5,0.27,-0.32,0.12,5951,0.63,10.4,0.41,0.35,0.35,0.82,0.471,0.155,0.03,17.89,5.04,34.58
Jhansi,2020,3,25.4484,78.5685,285,23.0,9.5,18.0,31.2,3.0,0.189,-0.32,0.12,5951,0.63,10.4,0.41,0.35,0.35,0.82,0.471,0.155,0.03,24.7,12.49,33.9
Jhansi,2020,4,25.4484,78.5685,285,35.9,23.6,30.9,32.4,3.9,0.189,-0.32,0.12,5951,0.63,10.4,0.41,0.35,0.35,0.82,0.471,0.155,0.03,33.29,21.22,33.29
Jhansi,2020,5,25.4484,78.5685,285,38.9,25.1,33.9,45.0,4.0,0.189,-0.32,0.12,5951,0.63,10.4,0.41,0.35,0.35,0.82,0.471,0.155,0.03,38.95,26.34,35.68
Jhansi,2020,6,25.4484,78.5685,285,36.6,23.5,31.6,51.9,0.5,0.27,-0.32,0.12,5951,0.63,10.4,0.41,0.35,0.35,0.82,0.471,0.155,0.03,37.02,24.41,34.61
Jhansi,2020,7,25.4484,78.5685,285,33.0,18.1,28.0,81.9,1.9,0.378,-0.192,0.12,5951,0.63,10.4,0.41,0.35,0.35,0.82,0.471,0.155,0.03,31.91,19.43,32.36
Jhansi,2020,8,25.4484,78.5685,285,30.3,17.9,25.3,76.2,2.6,0.378,-0.192,0.12,5951,0.63,10.4,0.41,0.35,0.35,0.82,0.471,0.155,0.03,30.11,17.56,38.63
Jhansi,2020,9,25.4484,78.5685,285,31.1,16.9,26.1,78.3,2.1,0.378,-0.192,0.12,5951,0.63,10.4,0.41,0.35,0.35,0.82,0.471,0.155,0.03,31.85,19.47,33.64
Jhansi,2020,10,25.4484,78.5685,285,26.6,12.2,21.6,66.6,1.7,0.27,-0.32,0.12,5951,0.63,10.4,0.41,0.35,0.35,0.82,0.471,0.155,0.03,27.13,14.96,35.89
Jhansi,2020,11,25.4484,78.5685,285,22.9,10.3,17.9,45.9,1.7,0.27,-0.32,0.12,5951,0.63,10.4,0.41,0.35,0.35,0.82,0.471,0.155,0.03,23.66,11.44,36.53
Jhansi,2020,12,25.4484,78.5685,285,14.8,0.5,9.8,39.4,2.8,0.27,-0.32,0.12,5951,0.63,10.4,0.41,0.35,0.35,0.82,0.471,0.155,0.03,15.8,3.41,35.17
Jhansi,2021,1,25.4484,78.5685,285,16.4,3.0,11.4,60.7,3.9,0.27,-0.32,0.12,5951,0.63,10.4,0.41,0.35,0.35,0.82,0.471,0.155,0.03,14.89,3.15,32.98
Jhansi,2021,2,25.4484,78.5685,285,17.4,2.9,12.4,51.1,0.9,0.27,-0.32,0.12,5951,0.63,10.4,0.41,0.35,0.35,0.82,0.471,0.155,0.03,17.06,4.99,35.36
Jhansi,2021,3,25.4484,78.5685,285,23.6,10.8,18.6,37.1,3.4,0.189,-0.32,0.12,5951,0.63,10.4,0.41,0.35,0.35,0.82,0.471,0.155,0.03,23.29,10.76,36.8
Jhansi,2021,4,25.4484,78.5685,285,33.6,18.7,28.6,38.6,3.3,0.189,-0.32,0.12,5951,0.63,10.4,0.41,0.35,0.35,0.82,0.471,0.155,0.03,31.79,19.71,33.69
Jhansi,2021,5,25.4484,78.5685,285,41.0,26.2,36.0,29.6,2.1,0.189,-0.32,0.12,5951,0.63,10.4,0.41,0.35,0.35,0.82,0.471,0.155,0.03,38.87,26.02,32.49
Jhansi,2021,6,25.4484,78.5685,285,35.9,21.7,30.9,39.1,0.8,0.27,-0.32,0.12,5951,0.63,10.4,0.41,0.35,0.35,0.82,0.471,0.155,0.03,37.77,25.3,33.36
Jhansi,2021,7,25.4484,78.5685,285,31.7,19.1,26.7,66.5,1.3,0.378,-0.192,0.12,5951,0.63,10.4,0.41,0.35,0.35,0.82,0.471,0.155,0.03,32.24,20.06,31.7
Jhansi,2021,8,25.4484,78.5685,285,29.2,15.4,24.2,77.1,2.9,0.378,-0.192,0.12,5951,0.63,10.4,0.41,0.35,0.35,0.82,0.471,0.155,0.03,29.34,16.77,35.35
Jhansi,2021,9,25.4484,78.5685,285,28.9,16.3,23.9,77.4,2.4,0.378,-0.192,0.12,5951,0.63,10.4,0.41,0.35,0.35,0.82,0.471,0.155,0.03,29.64,17.21,31.88
Jhansi,2021,10,25.4484,78.5685,285,30.3,16.1,25.3,42.3,1.5,0.27,-0.32,0.12,5951,0.63,10.4,0.41,0.35,0.35,0.82,0.471,0.155,0.03,29.76,17.39,34.55
Jhansi,2021,11,25.4484,78.5685,285,21.5,7.2,16.5,48.5,1.7,0.27,-0.32,0.12,5951,0.63,10.4,0.41,0.35,0.35,0.82,0.471,0.155,0.03,21.03,8.12,35.08
Jhansi,2021,12,25.4484,78.5685,285,15.7,2.1,10.7,58.5,1.9,0.27,-0.32,0.12,5951,0.63,10.4,0.41,0.35,0.35,0.82,0.471,0.155,0.03,16.88,4.54,37.52
Jhansi,2022,1,25.4484,78.5685,285,14.0,0.4,9.0,53.2,1.1,0.27,-0.32,0.12,5951,0.63,10.4,0.41,0.35,0.35,0.82,0.471,0.155,0.03,13.46,1.39,37.27
Jhansi,2022,2,25.4484,78.5685,285,15.2,2.1,10.2,50.0,0.5,0.27,-0.32,0.12,5951,0.63,10.4,0.41,0.35,0.35,0.82,0.471,0.155,0.03,17.02,4.4,31.72
Jhansi,2022,3,25.4484,78.5685,285,23.7,9.8,18.7,45.3,1.6,0.189,-0.32,0.12,5951,0.63,10.4,0.41,0.35,0.35,0.82,0.471,0.155,0.03,23.26,10.71,38.21
Jhansi,2022,4,25.4484,78.5685,285,31.2,16.6,26.2,20.0,3.8,0.189,-0.32,0.12,5951,0.63,10.4,0.41,0.35,0.35,0.82,0.471,0.155,0.03,31.28,18.69,33.68
Jhansi,2022,5,25.4484,78.5685,285,34.3,21.7,29.3,50.0,2.8,0.189,-0.32,0.12,5951,0.63,10.4,0.41,0.35,0.35,0.82,0.471,0.155,0.03,34.94,22.42,32.06
Jhansi,2022,6,25.4484,78.5685,285,36.0,23.5,31.0,48.2,1.6,0.27,-0.32,0.12,5951,0.63,10.4,0.41,0.35,0.35,0.82,0.471,0.155,0.03,37.4,25.0,37.58
Jhansi,2022,7,25.4484,78.5685,285,29.3,17.0,24.3,73.4,1.8,0.378,-0.192,0.12,5951,0.63,10.4,0.41,0.35,0.35,0.82,0.471,0.155,0.03,28.93,17.43,35.15
Jhansi,2022,8,25.4484,78.5685,285,30.7,18.1,25.7,81.5,4.0,0.378,-0.192,0.12,5951,0.63,10.4,0.41,0.35,0.35,0.82,0.471,0.155,0.03,29.93,17.8,30.43
Jhansi,2022,9,25.4484,78.5685,285,31.9,17.8,26.9,81.3,1.2,0.378,-0.192,0.12,5951,0.63,10.4,0.41,0.35,0.35,0.82,0.471,0.155,0.03,31.0,18.38,34.94
Jhansi,2022,10,25.4484,78.5685,285,28.4,15.6,23.4,63.5,1.8,0.27,-0.32,0.12,5951,0.63,10.4,0.41,0.35,0.35,0.82,0.471,0.155,0.03,27.01,14.37,32.35
Jhansi,2022,11,25.4484,78.5685,285,26.9,14.6,21.9,42.4,1.2,0.27,-0.32,0.12,5951,0.63,10.4,0.41,0.35,0.35,0.82,0.471,0.155,0.03,22.29,10.1,33.16
Jhansi,2022,12,25.4484,78.5685,285,17.7,5.6,12.7,40.1,0.9,0.27,-0.32,0.12,5951,0.63,10.4,0.41,0.35,0.35,0.82,0.471,0.155,0.03,17.75,5.18,37.94
Jhansi,2023,1,25.4484,78.5685,285,14.4,1.8,9.4,55.1,1.6,0.27,-0.32,0.12,5951,0.63,10.4,0.41,0.35,0.35,0.82,0.471,0.155,0.03,14.41,2.39,35.12
Jhansi,2023,2,25.4484,78.5685,285,22.7,8.6,17.7,49.5,2.7,0.27,-0.32,0.12,5951,0.63,10.4,0.41,0.35,0.35,0.82,0.471,0.155,0.03,18.28,6.06,37.64
Jhansi,2023,3,25.4484,78.5685,285,21.7,8.5,16.7,38.2,3.6,0.189,-0.32,0.12,5951,0.63,10.4,0.41,0.35,0.35,0.82,0.471,0.155,0.03,23.07,10.44,30.96
Jhansi,2023,4,25.4484,78.5685,285,31.8,19.2,26.8,44.0,2.8,0.189,-0.32,0.12,5951,0.63,10.4,0.41,0.35,0.35,0.82,0.471,0.155,0.03,31.88,19.4,35.79
Jhansi,2023,5,25.4484,78.5685,285,36.4,22.0,31.4,51.1,4.2,0.189,-0.32,0.12,5951,0.63,10.4,0.41,0.35,0.35,0.82,0.471,0.155,0.03,36.55,24.14,34.8
Jhansi,2023,6,25.4484,78.5685,285,38.5,24.0,33.5,66.8,1.8,0.27,-0.32,0.12,5951,0.63,10.4,0.41,0.35,0.35,0.82,0.471,0.155,0.03,39.34,26.88,35.95
Jhansi,2023,7,25.4484,78.5685,285,31.3,18.7,26.3,75.7,2.1,0.378,-0.192,0.12,5951,0.63,10.4,0.41,0.35,0.35,0.82,0.471,0.155,0.03,29.51,17.3,34.49
Jhansi,2023,8,25.4484,78.5685,285,31.1,18.4,26.1,76.6,2.2,0.378,-0.192,0.12,5951,0.63,10.4,0.41,0.35,0.35,0.82,0.471,0.155,0.03,30.56,17.91,33.25
Jhansi,2023,9,25.4484,78.5685,285,29.9,16.7,24.9,79.3,1.8,0.378,-0.192,0.12,5951,0.63,10.4,0.41,0.35,0.35,0.82,0.471,0.155,0.03,29.28,16.83,37.64
Jhansi,2023,10,25.4484,78.5685,285,25.6,12.1,20.6,40.9,3.4,0.27,-0.32,0.12,5951,0.63,10.4,0.41,0.35,0.35,0.82,0.471,0.155,0.03,26.3,14.4,32.27
Jhansi,2023,11,25.4484,78.5685,285,22.0,7.1,17.0,56.5,1.4,0.27,-0.32,0.12,5951,0.63,10.4,0.41,0.35,0.35,0.82,0.471,0.155,0.03,22.25,9.75,35.86
Jhansi,2023,12,25.4484,78.5685,285,17.8,4.1,12.8,61.1,2.0,0.27,-0.32,0.12,5951,0.63,10.4,0.41,0.35,0.35,0.82,0.471,0.155,0.03,16.86,4.7,36.0
Jhansi,2024,1,25.4484,78.5685,285,12.1,-0.3,7.1,54.7,1.5,0.27,-0.32,0.12,5951,0.63,10.4,0.41,0.35,0.35,0.82,0.471,0.155,0.03,12.75,0.4,31.31
Jhansi,2024,2,25.4484,78.5685,285,14.2,1.8,9.2,51.9,1.4,0.27,-0.32,0.12,5951,0.63,10.4,0.41,0.35,0.35,0.82,0.471,0.155,0.03,16.08,3.84,35.02
Jhansi,2024,3,25.4484,78.5685,285,23.2,10.4,18.2,39.6,2.4,0.189,-0.32,0.12,5951,0.63,10.4,0.41,0.35,0.35,0.82,0.471,0.155,0.03,23.48,10.92,34.83
Jhansi,2024,4,25.4484,78.5685,285,33.8,21.4,28.8,51.1,3.7,0.189,-0.32,0.12,5951,0.63,10.4,0.41,0.35,0.35,0.82,0.471,0.155,0.03,34.44,21.74,32.07
Jhansi,2024,5,25.4484,78.5685,285,37.1,22.2,32.1,55.4,3.4,0.189,-0.32,0.12,5951,0.63,10.4,0.41,0.35,0.35,0.82,0.471,0.155,0.03,38.82,26.56,33.18
Jhansi,2024,6,25.4484,78.5685,285,35.9,22.6,30.9,49.2,1.3,0.27,-0.32,0.12,5951,0.63,10.4,0.41,0.35,0.35,0.82,0.471,0.155,0.03,37.2,24.99,33.74
Jhansi,2024,7,25.4484,78.5685,285,31.4,19.1,26.4,78.6,2.7,0.378,-0.192,0.12,5951,0.63,10.4,0.41,0.35,0.35,0.82,0.471,0.155,0.03,31.06,18.55,35.05
Jhansi,2024,8,25.4484,78.5685,285,30.2,17.6,25.2,81.6,2.0,0.378,-0.192,0.12,5951,0.63,10.4,0.41,0.35,0.35,0.82,0.471,0.155,0.03,29.93,17.59,35.51
Jhansi,2024,9,25.4484,78.5685,285,28.3,15.7,23.3,74.5,1.8,0.378,-0.192,0.12,5951,0.63,10.4,0.41,0.35,0.35,0.82,0.471,0.155,0.03,28.09,15.51,31.0
Jhansi,2024,10,25.4484,78.5685,285,29.0,15.6,24.0,64.5,1.9,0.27,-0.32,0.12,5951,0.63,10.4,0.41,0.35,0.35,0.82,0.471,0.155,0.03,28.7,16.62,32.32
Jhansi,2024,11,25.4484,78.5685,285,24.2,12.1,19.2,63.6,2.6,0.27,-0.32,0.12,5951,0.63,10.4,0.41,0.35,0.35,0.82,0.471,0.155,0.03,20.66,8.67,29.77
Jhansi,2024,12,25.4484,78.5685,285,16.8,2.2,11.8,54.4,2.8,0.27,-0.32,0.12,5951,0.63,10.4,0.41,0.35,0.35,0.82,0.471,0.155,0.03,17.19,4.91,30.63
Mathura,2020,1,27.4924,77.6737,174,19.7,7.4,14.7,55.5,0.9,0.2,-0.26,0.17,7323,0.68,11.4,0.56,0.55,0.49,0.82,0.54,0.087,0.06,19.3,6.96,45.59
Mathura,2020,2,27.4924,77.6737,174,17.0,2.5,12.0,66.2,2.4,0.2,-0.26,0.17,7323,0.68,11.4,0.56,0.55,0.49,0.82,0.54,0.087,0.06,17.68,5.7,46.78
Mathura,2020,3,27.4924,77.6737,174,26.7,13.5,21.7,49.2,2.8,0.14,-0.26,0.17,7323,0.68,11.4,0.56,0.55,0.49,0.82,0.54,0.087,0.06,27.41,15.78,41.36
Mathura,2020,4,27.4924,77.6737,174,32.5,18.2,27.5,39.1,3.3,0.14,-0.26,0.17,7323,0.68,11.4,0.56,0.55,0.49,0.82,0.54,0.087,0.06,31.96,19.18,41.51
Mathura,2020,5,27.4924,77.6737,174,38.8,26.8,33.8,56.0,4.4,0.14,-0.26,0.17,7323,0.68,11.4,0.56,0.55,0.49,0.82,0.54,0.087,0.06,39.34,26.24,38.65
Mathura,2020,6,27.4924,77.6737,174,41.7,27.7,36.7,57.3,0.5,0.2,-0.26,0.17,7323,0.68,11.4,0.56,0.55,0.49,0.82,0.54,0.087,0.06,41.02,28.45,44.01
Mathura,2020,7,27.4924,77.6737,174,38.5,23.9,33.5,73.9,2.6,0.28,-0.156,0.17,7323,0.68,11.4,0.56,0.55,0.49,0.82,0.54,0.087,0.06,37.14,24.62,43.48
Mathura,2020,8,27.4924,77.6737,174,35.3,22.4,30.3,81.4,1.7,0.28,-0.156,0.17,7323,0.68,11.4,0.56,0.55,0.49,0.82,0.54,0.087,0.06,32.92,20.36,45.82
Mathura,2020,9,27.4924,77.6737,174,34.2,19.7,29.2,85.0,3.2,0.28,-0.156,0.17,7323,0.68,11.4,0.56,0.55,0.49,0.82,0.54,0.087,0.06,35.41,22.42,42.02
Mathura,2020,10,27.4924,77.6737,174,30.7,16.5,25.7,48.1,1.9,0.2,-0.26,0.17,7323,0.68,11.4,0.56,0.55,0.49,0.82,0.54,0.087,0.06,31.84,19.16,43.94
Mathura,2020,11,27.4924,77.6737,174,22.8,10.3,17.8,38.1,0.9,0.2,-0.26,0.17,7323,0.68,11.4,0.56,0.55,0.49,0.82,0.54,0.087,0.06,23.74,10.8,42.5
Mathura,2020,12,27.4924,77.6737,174,18.5,4.4,13.5,70.9,3.5,0.2,-0.26,0.17,7323,0.68,11.4,0.56,0.55,0.49,0.82,0.54,0.087,0.06,18.9,6.69,42.48
Mathura,2021,1,27.4924,77.6737,174,15.5,1.9,10.5,51.5,2.4,0.2,-0.26,0.17,7323,0.68,11.4,0.56,0.55,0.49,0.82,0.54,0.087,0.06,15.78,3.27,41.16
Mathura,2021,2,27.4924,77.6737,174,19.7,7.0,14.7,50.4,1.8,0.2,-0.26,0.17,7323,0.68,11.4,0.56,0.55,0.49,0.82,0.54,0.087,0.06,18.96,6.59,40.16
Mathura,2021,3,27.4924,77.6737,174,28.9,15.2,23.9,41.0,2.7,0.14,-0.26,0.17,7323,0.68,11.4,0.56,0.55,0.49,0.82,0.54,0.087,0.06,25.29,12.41,45.09
Mathura,2021,4,27.4924,77.6737,174,35.3,21.1,30.3,32.4,3.5,0.14,-0.26,0.17,7323,0.68,11.4,0.56,0.55,0.49,0.82,0.54,0.087,0.06,36.69,23.96,43.48
Mathura,2021,5,27.4924,77.6737,174,38.4,24.9,33.4,52.1,4.2,0.14,-0.26,0.17,7323,0.68,11.4,0.56,0.55,0.49,0.82,0.54,0.087,0.06,39.21,26.45,47.11
Mathura,2021,6,27.4924,77.6737,174,38.9,26.3,33.9,49.7,3.2,0.2,-0.26,0.17,7323,0.68,11.4,0.56,0.55,0.49,0.82,0.54,0.087,0.06,41.07,28.32,42.36
Mathura,2021,7,27.4924,77.6737,174,31.5,19.3,26.5,73.6,2.0,0.28,-0.156,0.17,7323,0.68,11.4,0.56,0.55,0.49,0.82,0.54,0.087,0.06,33.44,21.09,41.95
Mathura,2021,8,27.4924,77.6737,174,35.5,22.0,30.5,78.1,1.5,0.28,-0.156,0.17,7323,0.68,11.4,0.56,0.55,0.49,0.82,0.54,0.087,0.06,34.44,21.69,40.46
Mathura,2021,9,27.4924,77.6737,174,31.2,17.7,26.2,80.7,1.1,0.28,-0.156,0.17,7323,0.68,11.4,0.56,0.55,0.49,0.82,0.54,0.087,0.06,32.23,19.51,42.34
Mathura,2021,10,27.4924,77.6737,174,29.2,16.7,24.2,52.9,1.2,0.2,-0.26,0.17,7323,0.68,11.4,0.56,0.55,0.49,0.82,0.54,0.087,0.06,30.51,18.01,44.26
Mathura,2021,11,27.4924,77.6737,174,24.0,9.4,19.0,49.2,1.3,0.2,-0.26,0.17,7323,0.68,11.4,0.56,0.55,0.49,0.82,0.54,0.087,0.06,23.33,10.18,46.09
Mathura,2021,12,27.4924,77.6737,174,20.2,6.2,15.2,51.7,2.2,0.2,-0.26,0.17,7323,0.68,11.4,0.56,0.55,0.49,0.82,0.54,0.087,0.06,18.85,5.95,41.24
Mathura,2022,1,27.4924,77.6737,174,15.9,3.1,10.9,55.2,3.3,0.2,-0.26,0.17,7323,0.68,11.4,0.56,0.55,0.49,0.82,0.54,0.087,0.06,16.99,3.87,40.77
Mathura,2022,2,27.4924,77.6737,174,19.9,6.7,14.9,53.0,1.7,0.2,-0.26,0.17,7323,0.68,11.4,0.56,0.55,0.49,0.82,0.54,0.087,0.06,20.09,7.57,45.17
Mathura,2022,3,27.4924,77.6737,174,26.3,11.3,21.3,21.3,2.9,0.14,-0.26,0.17,7323,0.68,11.4,0.56,0.55,0.49,0.82,0.54,0.087,0.06,26.3,14.18,45.34
Mathura,2022,4,27.4924,77.6737,174,34.6,21.4,29.6,31.7,2.2,0.14,-0.26,0.17,7323,0.68,11.4,0.56,0.55,0.49,0.82,0.54,0.087,0.06,33.86,21.56,40.75
Mathura,2022,5,27.4924,77.6737,174,39.3,24.7,34.3,34.1,3.1,0.14,-0.26,0.17,7323,0.68,11.4,0.56,0.55,0.49,0.82,0.54,0.087,0.06,40.55,28.84,43.61
Mathura,2022,6,27.4924,77.6737,174,40.3,26.2,35.3,51.2,2.0,0.2,-0.26,0.17,7323,0.68,11.4,0.56,0.55,0.49,0.82,0.54,0.087,0.06,40.94,28.59,42.26
Mathura,2022,7,27.4924,77.6737,174,34.1,20.4,29.1,79.3,1.4,0.28,-0.156,0.17,7323,0.68,11.4,0.56,0.55,0.49,0.82,0.54,0.087,0.06,34.23,22.29,45.74
Mathura,2022,8,27.4924,77.6737,174,35.1,21.8,30.1,80.1,0.9,0.28,-0.156,0.17,7323,0.68,11.4,0.56,0.55,0.49,0.82,0.54,0.087,0.06,35.53,23.41,42.86
Mathura,2022,9,27.4924,77.6737,174,32.1,17.6,27.1,83.6,1.8,0.28,-0.156,0.17,7323,0.68,11.4,0.56,0.55,0.49,0.82,0.54,0.087,0.06,33.48,21.14,45.34
Mathura,2022,10,27.4924,77.6737,174,28.2,13.5,23.2,53.7,2.4,0.2,-0.26,0.17,7323,0.68,11.4,0.56,0.55,0.49,0.82,0.54,0.087,0.06,30.23,17.84,44.99
Mathura,2022,11,27.4924,77.6737,174,26.0,13.4,21.0,71.7,2.4,0.2,-0.26,0.17,7323,0.68,11.4,0.56,0.55,0.49,0.82,0.54,0.087,0.06,26.07,14.04,46.12
Mathura,2022,12,27.4924,77.6737,174,18.8,6.7,13.8,62.8,4.1,0.2,-0.26,0.17,7323,0.68,11.4,0.56,0.55,0.49,0.82,0.54,0.087,0.06,19.21,6.44,46.0
Mathura,2023,1,27.4924,77.6737,174,17.7,3.7,12.7,57.0,1.5,0.2,-0.26,0.17,7323,0.68,11.4,0.56,0.55,0.49,0.82,0.54,0.087,0.06,18.43,6.01,41.16
Mathura,2023,2,27.4924,77.6737,174,18.3,3.5,13.3,63.0,1.8,0.2,-0.26,0.17,7323,0.68,11.4,0.56,0.55,0.49,0.82,0.54,0.087,0.06,20.36,8.21,40.27
Mathura,2023,3,27.4924,77.6737,174,25.1,10.5,20.1,47.7,4.6,0.14,-0.26,0.17,7323,0.68,11.4,0.56,0.55,0.49,0.82,0.54,0.087,0.06,27.07,14.7,40.37
Mathura,2023,4,27.4924,77.6737,174,30.7,16.7,25.7,40.3,3.2,0.14,-0.26,0.17,7323,0.68,11.4,0.56,0.55,0.49,0.82,0.54,0.087,0.06,33.24,20.83,43.7
Mathura,2023,5,27.4924,77.6737,174,39.6,25.9,34.6,46.7,3.4,0.14,-0.26,0.17,7323,0.68,11.4,0.56,0.55,0.49,0.82,0.54,0.087,0.06,41.7,28.98,43.65
Mathura,2023,6,27.4924,77.6737,174,39.8,26.1,34.8,65.3,3.1,0.2,-0.26,0.17,7323,0.68,11.4,0.56,0.55,0.49,0.82,0.54,0.087,0.06,39.82,27.03,40.67
Mathura,2023,7,27.4924,77.6737,174,35.2,21.7,30.2,72.5,0.5,0.28,-0.156,0.17,7323,0.68,11.4,0.56,0.55,0.49,0.82,0.54,0.087,0.06,36.15,23.75,45.9
Mathura,2023,8,27.4924,77.6737,174,35.0,21.3,30.0,71.6,1.2,0.28,-0.156,0.17,7323,0.68,11.4,0.56,0.55,0.49,0.82,0.54,0.087,0.06,33.93,21.68,42.46
Mathura,2023,9,27.4924,77.6737,174,35.2,22.3,30.2,82.4,2.0,0.28,-0.156,0.17,7323,0.68,11.4,0.56,0.55,0.49,0.82,0.54,0.087,0.06,36.78,24.01,40.6
Mathura,2023,10,27.4924,77.6737,174,31.9,17.8,26.9,40.0,1.3,0.2,-0.26,0.17,7323,0.68,11.4,0.56,0.55,0.49,0.82,0.54,0.087,0.06,30.98,18.58,41.46
Mathura,2023,11,27.4924,77.6737,174,26.1,13.2,21.1,60.6,1.6,0.2,-0.26,0.17,7323,0.68,11.4,0.56,0.55,0.49,0.82,0.54,0.087,0.06,25.92,13.93,42.68
Mathura,2023,12,27.4924,77.6737,174,16.2,2.6,11.2,65.7,2.1,0.2,-0.26,0.17,7323,0.68,11.4,0.56,0.55,0.49,0.82,0.54,0.087,0.06,18.17,5.65,46.1
Mathura,2024,1,27.4924,77.6737,174,15.7,2.5,10.7,49.4,2.3,0.2,-0.26,0.17,7323,0.68,11.4,0.56,0.55,0.49,0.82,0.54,0.087,0.06,16.71,4.38,43.61
Mathura,2024,2,27.4924,77.6737,174,21.1,7.8,16.1,57.5,2.4,0.2,-0.26,0.17,7323,0.68,11.4,0.56,0.55,0.49,0.82,0.54,0.087,0.06,19.21,6.82,43.48
Mathura,2024,3,27.4924,77.6737,174,22.4,9.4,17.4,46.6,3.1,0.14,-0.26,0.17,7323,0.68,11.4,0.56,0.55,0.49,0.82,0.54,0.087,0.06,23.79,11.53,44.82
Mathura,2024,4,27.4924,77.6737,174,30.5,17.2,25.5,45.5,2.2,0.14,-0.26,0.17,7323,0.68,11.4,0.56,0.55,0.49,0.82,0.54,0.087,0.06,31.52,19.36,42.84
Mathura,2024,5,27.4924,77.6737,174,38.7,25.0,33.7,37.5,3.3,0.14,-0.26,0.17,7323,0.68,11.4,0.56,0.55,0.49,0.82,0.54,0.087,0.06,39.17,26.7,47.21
Mathura,2024,6,27.4924,77.6737,174,40.8,28.1,35.8,57.5,1.7,0.2,-0.26,0.17,7323,0.68,11.4,0.56,0.55,0.49,0.82,0.54,0.087,0.06,40.6,28.41,42.02
Mathura,2024,7,27.4924,77.6737,174,35.1,20.3,30.1,67.9,2.1,0.28,-0.156,0.17,7323,0.68,11.4,0.56,0.55,0.49,0.82,0.54,0.087,0.06,35.88,24.13,46.89
Mathura,2024,8,27.4924,77.6737,174,34.6,20.5,29.6,86.9,0.8,0.28,-0.156,0.17,7323,0.68,11.4,0.56,0.55,0.49,0.82,0.54,0.087,0.06,35.28,22.64,42.95
Mathura,2024,9,27.4924,77.6737,174,32.2,19.0,27.2,83.8,3.9,0.28,-0.156,0.17,7323,0.68,11.4,0.56,0.55,0.49,0.82,0.54,0.087,0.06,34.6,22.35,41.95
Mathura,2024,10,27.4924,77.6737,174,29.0,15.4,24.0,63.9,0.5,0.2,-0.26,0.17,7323,0.68,11.4,0.56,0.55,0.49,0.82,0.54,0.087,0.06,31.31,18.82,39.87
Mathura,2024,11,27.4924,77.6737,174,23.2,8.5,18.2,60.3,1.2,0.2,-0.26,0.17,7323,0.68,11.4,0.56,0.55,0.49,0.82,0.54,0.087,0.06,23.54,10.65,43.38
Mathura,2024,12,27.4924,77.6737,174,20.4,7.6,15.4,52.9,2.2,0.2,-0.26,0.17,7323,0.68,11.4,0.56,0.55,0.49,0.82,0.54,0.087,0.06,21.55,9.23,44.22
Saharanpur,2020,1,29.968,77.551,274,12.7,-0.6,7.7,50.0,1.9,0.26,-0.28,0.13,7233,0.9,10.6,0.51,0.5,0.47,0.82,0.52,0.143,0.03,11.75,-0.69,40.66
Saharanpur,2020,2,29.968,77.551,274,17.2,2.4,12.2,60.8,3.5,0.26,-0.28,0.13,7233,0.9,10.6,0.51,0.5,0.47,0.82,0.52,0.143,0.03,15.96,3.51,43.75
Saharanpur,2020,3,29.968,77.551,274,26.6,11.9,21.6,40.1,3.9,0.182,-0.28,0.13,7233,0.9,10.6,0.51,0.5,0.47,0.82,0.52,0.143,0.03,24.34,12.17,41.28
Saharanpur,2020,4,29.968,77.551,274,29.4,15.8,24.4,41.8,2.7,0.182,-0.28,0.13,7233,0.9,10.6,0.51,0.5,0.47,0.82,0.52,0.143,0.03,31.18,18.77,42.23
Saharanpur,2020,5,29.968,77.551,274,36.5,21.7,31.5,33.0,2.4,0.182,-0.28,0.13,7233,0.9,10.6,0.51,0.5,0.47,0.82,0.52,0.143,0.03,35.15,22.71,42.78
Saharanpur,2020,6,29.968,77.551,274,35.2,22.2,30.2,70.7,2.0,0.26,-0.28,0.13,7233,0.9,10.6,0.51,0.5,0.47,0.82,0.52,0.143,0.03,36.18,23.69,41.2
Saharanpur,2020,7,29.968,77.551,274,30.4,18.3,25.4,74.8,1.5,0.364,-0.168,0.13,7233,0.9,10.6,0.51,0.5,0.47,0.82,0.52,0.143,0.03,33.76,21.35,45.15
Saharanpur,2020,8,29.968,77.551,274,29.1,14.8,24.1,74.7,1.6,0.364,-0.168,0.13,7233,0.9,10.6,0.51,0.5,0.47,0.82,0.52,0.143,0.03,29.28,17.1,43.42
Saharanpur,2020,9,29.968,77.551,274,29.2,16.3,24.2,73.1,1.6,0.364,-0.168,0.13,7233,0.9,10.6,0.51,0.5,0.47,0.82,0.52,0.143,0.03,29.72,17.92,41.51
Saharanpur,2020,10,29.968,77.551,274,24.7,12.6,19.7,57.8,0.6,0.26,-0.28,0.13,7233,0.9,10.6,0.51,0.5,0.47,0.82,0.52,0.143,0.03,26.55,14.24,44.3
Saharanpur,2020,11,29.968,77.551,274,21.0,7.8,16.0,60.7,2.9,0.26,-0.28,0.13,7233,0.9,10.6,0.51,0.5,0.47,0.82,0.52,0.143,0.03,20.35,7.98,41.72
Saharanpur,2020,12,29.968,77.551,274,17.5,2.7,12.5,56.9,2.2,0.26,-0.28,0.13,7233,0.9,10.6,0.51,0.5,0.47,0.82,0.52,0.143,0.03,15.64,2.79,44.93
Saharanpur,2021,1,29.968,77.551,274,12.4,-0.1,7.4,58.3,2.7,0.26,-0.28,0.13,7233,0.9,10.6,0.51,0.5,0.47,0.82,0.52,0.143,0.03,12.89,0.86,41.33
Saharanpur,2021,2,29.968,77.551,274,14.4,-0.0,9.4,47.7,2.1,0.26,-0.28,0.13,7233,0.9,10.6,0.51,0.5,0.47,0.82,0.52,0.143,0.03,14.71,2.07,44.01
Saharanpur,2021,3,29.968,77.551,274,23.0,10.0,18.0,59.4,2.7,0.182,-0.28,0.13,7233,0.9,10.6,0.51,0.5,0.47,0.82,0.52,0.143,0.03,23.55,10.9,42.73
Saharanpur,2021,4,29.968,77.551,274,31.8,17.9,26.8,27.1,3.0,0.182,-0.28,0.13,7233,0.9,10.6,0.51,0.5,0.47,0.82,0.52,0.143,0.03,30.84,18.73,40.69
Saharanpur,2021,5,29.968,77.551,274,37.5,25.2,32.5,44.0,4.4,0.182,-0.28,0.13,7233,0.9,10.6,0.51,0.5,0.47,0.82,0.52,0.143,0.03,36.9,24.87,41.66
Saharanpur,2021,6,29.968,77.551,274,36.2,22.6,31.2,58.5,2.7,0.26,-0.28,0.13,7233,0.9,10.6,0.51,0.5,0.47,0.82,0.52,0.143,0.03,36.34,23.85,42.43
Saharanpur,2021,7,29.968,77.551,274,32.7,18.4,27.7,78.7,2.3,0.364,-0.168,0.13,7233,0.9,10.6,0.51,0.5,0.47,0.82,0.52,0.143,0.03,32.19,19.62,39.6
Saharanpur,2021,8,29.968,77.551,274,32.4,18.8,27.4,68.6,2.9,0.364,-0.168,0.13,7233,0.9,10.6,0.51,0.5,0.47,0.82,0.52,0.143,0.03,33.19,20.48,43.33
Saharanpur,2021,9,29.968,77.551,274,30.7,17.2,25.7,73.4,2.0,0.364,-0.168,0.13,7233,0.9,10.6,0.51,0.5,0.47,0.82,0.52,0.143,0.03,29.26,17.06,41.5
Saharanpur,2021,10,29.968,77.551,274,25.6,13.0,20.6,56.6,0.8,0.26,-0.28,0.13,7233,0.9,10.6,0.51,0.5,0.47,0.82,0.52,0.143,0.03,26.4,13.48,39.63
Saharanpur,2021,11,29.968,77.551,274,18.6,5.0,13.6,54.5,0.8,0.26,-0.28,0.13,7233,0.9,10.6,0.51,0.5,0.47,0.82,0.52,0.143,0.03,19.48,7.44,42.93
Saharanpur,2021,12,29.968,77.551,274,16.9,3.6,11.9,61.2,1.6,0.26,-0.28,0.13,7233,0.9,10.6,0.51,0.5,0.47,0.82,0.52,0.143,0.03,16.3,3.92,45.78
Saharanpur,2022,1,29.968,77.551,274,12.9,0.9,7.9,46.6,1.3,0.26,-0.28,0.13,7233,0.9,10.6,0.51,0.5,0.47,0.82,0.52,0.143,0.03,14.16,1.95,39.53
Saharanpur,2022,2,29.968,77.551,274,16.9,2.0,11.9,50.2,2.0,0.26,-0.28,0.13,7233,0.9,10.6,0.51,0.5,0.47,0.82,0.52,0.143,0.03,16.98,4.75,40.86
Saharanpur,2022,3,29.968,77.551,274,20.9,7.8,15.9,36.3,3.1,0.182,-0.28,0.13,7233,0.9,10.6,0.51,0.5,0.47,0.82,0.52,0.143,0.03,21.9,9.35,37.56
Saharanpur,2022,4,29.968,77.551,274,32.9,18.0,27.9,53.7,3.4,0.182,-0.28,0.13,7233,0.9,10.6,0.51,0.5,0.47,0.82,0.52,0.143,0.03,30.7,18.57,43.94
Saharanpur,2022,5,29.968,77.551,274,31.6,17.2,26.6,46.2,4.3,0.182,-0.28,0.13,7233,0.9,10.6,0.51,0.5,0.47,0.82,0.52,0.143,0.03,32.18,20.36,40.66
Saharanpur,2022,6,29.968,77.551,274,32.8,20.3,27.8,54.0,1.7,0.26,-0.28,0.13,7233,0.9,10.6,0.51,0.5,0.47,0.82,0.52,0.143,0.03,33.79,21.64,40.84
Saharanpur,2022,7,29.968,77.551,274,31.3,16.5,26.3,70.5,2.3,0.364,-0.168,0.13,7233,0.9,10.6,0.51,0.5,0.47,0.82,0.52,0.143,0.03,32.42,19.2,41.01
Saharanpur,2022,8,29.968,77.551,274,32.3,18.7,27.3,78.8,1.0,0.364,-0.168,0.13,7233,0.9,10.6,0.51,0.5,0.47,0.82,0.52,0.143,0.03,32.82,19.76,41.78
Saharanpur,2022,9,29.968,77.551,274,30.8,17.0,25.8,86.9,0.7,0.364,-0.168,0.13,7233,0.9,10.6,0.51,0.5,0.47,0.82,0.52,0.143,0.03,30.5,17.76,42.3
Saharanpur,2022,10,29.968,77.551,274,24.5,10.0,19.5,53.5,2.5,0.26,-0.28,0.13,7233,0.9,10.6,0.51,0.5,0.47,0.82,0.52,0.143,0.03,25.42,13.16,41.22
Saharanpur,2022,11,29.968,77.551,274,21.8,8.8,16.8,46.4,1.7,0.26,-0.28,0.13,7233,0.9,10.6,0.51,0.5,0.47,0.82,0.52,0.143,0.03,18.17,6.16,42.6
Saharanpur,2022,12,29.968,77.551,274,13.7,-0.4,8.7,55.1,1.2,0.26,-0.28,0.13,7233,0.9,10.6,0.51,0.5,0.47,0.82,0.52,0.143,0.03,12.61,0.07,44.15
Saharanpur,2023,1,29.968,77.551,274,13.4,-0.1,8.4,45.8,2.7,0.26,-0.28,0.13,7233,0.9,10.6,0.51,0.5,0.47,0.82,0.52,0.143,0.03,15.08,2.75,40.43
Saharanpur,2023,2,29.968,77.551,274,16.2,4.0,11.2,62.8,2.7,0.26,-0.28,0.13,7233,0.9,10.6,0.51,0.5,0.47,0.82,0.52,0.143,0.03,16.64,4.61,41.08
Saharanpur,2023,3,29.968,77.551,274,21.2,7.7,16.2,27.8,4.7,0.182,-0.28,0.13,7233,0.9,10.6,0.51,0.5,0.47,0.82,0.52,0.143,0.03,21.19,8.45,41.67
Saharanpur,2023,4,29.968,77.551,274,28.4,15.7,23.4,20.0,3.5,0.182,-0.28,0.13,7233,0.9,10.6,0.51,0.5,0.47,0.82,0.52,0.143,0.03,29.29,16.73,38.39
Saharanpur,2023,5,29.968,77.551,274,38.3,24.1,33.3,45.6,2.0,0.182,-0.28,0.13,7233,0.9,10.6,0.51,0.5,0.47,0.82,0.52,0.143,0.03,34.47,21.89,42.38
Saharanpur,2023,6,29.968,77.551,274,35.5,23.3,30.5,53.0,0.9,0.26,-0.28,0.13,7233,0.9,10.6,0.51,0.5,0.47,0.82,0.52,0.143,0.03,34.95,22.8,42.16
Saharanpur,2023,7,29.968,77.551,274,32.6,18.6,27.6,76.2,1.5,0.364,-0.168,0.13,7233,0.9,10.6,0.51,0.5,0.47,0.82,0.52,0.143,0.03,33.41,20.55,39.26
Saharanpur,2023,8,29.968,77.551,274,31.4,19.0,26.4,67.8,2.0,0.364,-0.168,0.13,7233,0.9,10.6,0.51,0.5,0.47,0.82,0.52,0.143,0.03,31.14,18.56,40.61
Saharanpur,2023,9,29.968,77.551,274,31.6,18.9,26.6,73.5,1.6,0.364,-0.168,0.13,7233,0.9,10.6,0.51,0.5,0.47,0.82,0.52,0.143,0.03,31.77,19.43,44.36
Saharanpur,2023,10,29.968,77.551,274,26.0,13.9,21.0,48.1,1.3,0.26,-0.28,0.13,7233,0.9,10.6,0.51,0.5,0.47,0.82,0.52,0.143,0.03,27.07,14.93,43.57
Saharanpur,2023,11,29.968,77.551,274,21.4,7.7,16.4,67.4,1.7,0.26,-0.28,0.13,7233,0.9,10.6,0.51,0.5,0.47,0.82,0.52,0.143,0.03,21.87,9.76,42.77
Saharanpur,2023,12,29.968,77.551,274,13.7,0.3,8.7,56.8,3.0,0.26,-0.28,0.13,7233,0.9,10.6,0.51,0.5,0.47,0.82,0.52,0.143,0.03,12.82,0.46,40.48
Saharanpur,2024,1,29.968,77.551,274,10.4,-3.3,5.4,45.6,1.8,0.26,-0.28,0.13,7233,0.9,10.6,0.51,0.5,0.47,0.82,0.52,0.143,0.03,11.81,-0.25,40.6
Saharanpur,2024,2,29.968,77.551,274,17.9,3.5,12.9,60.6,1.3,0.26,-0.28,0.13,7233,0.9,10.6,0.51,0.5,0.47,0.82,0.52,0.143,0.03,18.29,5.65,44.11
Saharanpur,2024,3,29.968,77.551,274,20.0,7.3,15.0,42.3,3.1,0.182,-0.28,0.13,7233,0.9,10.6,0.51,0.5,0.47,0.82,0.52,0.143,0.03,21.06,8.67,41.28
Saharanpur,2024,4,29.968,77.551,274,29.7,16.3,24.7,49.4,4.3,0.182,-0.28,0.13,7233,0.9,10.6,0.51,0.5,0.47,0.82,0.52,0.143,0.03,30.48,17.01,39.96
Saharanpur,2024,5,29.968,77.551,274,35.7,21.9,30.7,56.5,4.2,0.182,-0.28,0.13,7233,0.9,10.6,0.51,0.5,0.47,0.82,0.52,0.143,0.03,36.48,23.94,42.45
Saharanpur,2024,6,29.968,77.551,274,37.1,24.2,32.1,63.1,2.5,0.26,-0.28,0.13,7233,0.9,10.6,0.51,0.5,0.47,0.82,0.52,0.143,0.03,37.02,24.21,42.25
Saharanpur,2024,7,29.968,77.551,274,30.2,17.8,25.2,73.9,2.6,0.364,-0.168,0.13,7233,0.9,10.6,0.51,0.5,0.47,0.82,0.52,0.143,0.03,30.97,19.05,41.27
Saharanpur,2024,8,29.968,77.551,274,31.9,18.9,26.9,80.7,1.5,0.364,-0.168,0.13,7233,0.9,10.6,0.51,0.5,0.47,0.82,0.52,0.143,0.03,31.27,18.98,43.96
Saharanpur,2024,9,29.968,77.551,274,28.7,13.9,23.7,84.6,3.3,0.364,-0.168,0.13,7233,0.9,10.6,0.51,0.5,0.47,0.82,0.52,0.143,0.03,29.56,17.12,44.24
Saharanpur,2024,10,29.968,77.551,274,25.4,12.6,20.4,52.2,2.0,0.26,-0.28,0.13,7233,0.9,10.6,0.51,0.5,0.47,0.82,0.52,0.143,0.03,26.27,13.95,40.56
Saharanpur,2024,11,29.968,77.551,274,23.8,9.4,18.8,52.7,2.5,0.26,-0.28,0.13,7233,0.9,10.6,0.51,0.5,0.47,0.82,0.52,0.143,0.03,24.55,12.22,42.6
Saharanpur,2024,12,29.968,77.551,274,17.7,3.4,12.7,50.7,2.6,0.26,-0.28,0.13,7233,0.9,10.6,0.51,0.5,0.47,0.82,0.52,0.143,0.03,17.86,5.89,41.41
Firozabad,2020,1,27.1591,78.3957,165,21.0,8.4,16.0,43.8,2.6,0.12,-0.44,0.3,9220,0.55,14.0,0.86,0.9,0.67,0.82,0.58,0.046,0.02,21.13,7.94,62.74
Firozabad,2020,2,27.1591,78.3957,165,23.1,8.4,18.1,47.2,3.4,0.12,-0.44,0.3,9220,0.55,14.0,0.86,0.9,0.67,0.82,0.58,0.046,0.02,26.6,13.69,63.3
Firozabad,2020,3,27.1591,78.3957,165,28.5,15.4,23.5,43.5,4.6,0.084,-0.44,0.3,9220,0.55,14.0,0.86,0.9,0.67,0.82,0.58,0.046,0.02,30.58,17.92,59.3
Firozabad,2020,4,27.1591,78.3957,165,37.1,23.7,32.1,50.7,3.7,0.084,-0.44,0.3,9220,0.55,14.0,0.86,0.9,0.67,0.82,0.58,0.046,0.02,38.4,26.28,58.49
Firozabad,2020,5,27.1591,78.3957,165,43.6,31.6,38.6,40.4,4.1,0.084,-0.44,0.3,9220,0.55,14.0,0.86,0.9,0.67,0.82,0.58,0.046,0.02,43.74,30.57,57.2
Firozabad,2020,6,27.1591,78.3957,165,42.7,30.4,37.7,58.6,0.9,0.12,-0.44,0.3,9220,0.55,14.0,0.86,0.9,0.67,0.82,0.58,0.046,0.02,44.99,31.99,58.39
Firozabad,2020,7,27.1591,78.3957,165,36.8,22.4,31.8,82.8,2.6,0.168,-0.264,0.3,9220,0.55,14.0,0.86,0.9,0.67,0.82,0.58,0.046,0.02,39.53,26.76,61.55
Firozabad,2020,8,27.1591,78.3957,165,37.8,25.5,32.8,82.9,2.7,0.168,-0.264,0.3,9220,0.55,14.0,0.86,0.9,0.67,0.82,0.58,0.046,0.02,38.6,25.43,57.2
Firozabad,2020,9,27.1591,78.3957,165,38.6,26.6,33.6,78.6,2.9,0.168,-0.264,0.3,9220,0.55,14.0,0.86,0.9,0.67,0.82,0.58,0.046,0.02,39.74,26.82,57.66
Firozabad,2020,10,27.1591,78.3957,165,32.9,18.3,27.9,41.6,1.6,0.12,-0.44,0.3,9220,0.55,14.0,0.86,0.9,0.67,0.82,0.58,0.046,0.02,35.21,22.23,58.54
Firozabad,2020,11,27.1591,78.3957,165,29.8,15.8,24.8,52.4,1.9,0.12,-0.44,0.3,9220,0.55,14.0,0.86,0.9,0.67,0.82,0.58,0.046,0.02,31.95,18.78,58.24
Firozabad,2020,12,27.1591,78.3957,165,19.8,6.5,14.8,55.7,0.6,0.12,-0.44,0.3,9220,0.55,14.0,0.86,0.9,0.67,0.82,0.58,0.046,0.02,22.0,9.27,56.1
Firozabad,2021,1,27.1591,78.3957,165,23.4,10.7,18.4,48.7,2.6,0.12,-0.44,0.3,9220,0.55,14.0,0.86,0.9,0.67,0.82,0.58,0.046,0.02,23.57,10.25,56.81
Firozabad,2021,2,27.1591,78.3957,165,23.9,11.6,18.9,68.7,2.4,0.12,-0.44,0.3,9220,0.55,14.0,0.86,0.9,0.67,0.82,0.58,0.046,0.02,26.71,14.38,63.83
Firozabad,2021,3,27.1591,78.3957,165,27.5,12.8,22.5,53.0,1.9,0.084,-0.44,0.3,9220,0.55,14.0,0.86,0.9,0.67,0.82,0.58,0.046,0.02,30.23,16.94,57.62
Firozabad,2021,4,27.1591,78.3957,165,41.3,27.9,36.3,20.6,3.0,0.084,-0.44,0.3,9220,0.55,14.0,0.86,0.9,0.67,0.82,0.58,0.046,0.02,39.88,27.3,55.71
Firozabad,2021,5,27.1591,78.3957,165,41.2,27.8,36.2,28.7,3.9,0.084,-0.44,0.3,9220,0.55,14.0,0.86,0.9,0.67,0.82,0.58,0.046,0.02,43.89,30.95,59.25
Firozabad,2021,6,27.1591,78.3957,165,42.1,28.6,37.1,53.3,2.4,0.12,-0.44,0.3,9220,0.55,14.0,0.86,0.9,0.67,0.82,0.58,0.046,0.02,43.75,31.06,58.99
Firozabad,2021,7,27.1591,78.3957,165,42.4,29.4,37.4,81.8,2.2,0.168,-0.264,0.3,9220,0.55,14.0,0.86,0.9,0.67,0.82,0.58,0.046,0.02,39.47,26.35,56.99
Firozabad,2021,8,27.1591,78.3957,165,38.3,24.6,33.3,76.1,1.6,0.168,-0.264,0.3,9220,0.55,14.0,0.86,0.9,0.67,0.82,0.58,0.046,0.02,39.27,26.55,56.29
Firozabad,2021,9,27.1591,78.3957,165,38.1,23.8,33.1,65.5,0.5,0.168,-0.264,0.3,9220,0.55,14.0,0.86,0.9,0.67,0.82,0.58,0.046,0.02,39.44,26.48,60.82
Firozabad,2021,10,27.1591,78.3957,165,33.1,18.8,28.1,65.5,2.9,0.12,-0.44,0.3,9220,0.55,14.0,0.86,0.9,0.67,0.82,0.58,0.046,0.02,32.93,20.12,55.21
Firozabad,2021,11,27.1591,78.3957,165,28.5,13.6,23.5,49.8,1.5,0.12,-0.44,0.3,9220,0.55,14.0,0.86,0.9,0.67,0.82,0.58,0.046,0.02,30.51,17.18,60.06
Firozabad,2021,12,27.1591,78.3957,165,26.8,12.5,21.8,50.0,3.3,0.12,-0.44,0.3,9220,0.55,14.0,0.86,0.9,0.67,0.82,0.58,0.046,0.02,23.61,11.34,58.02
Firozabad,2022,1,27.1591,78.3957,165,18.6,5.9,13.6,64.1,3.3,0.12,-0.44,0.3,9220,0.55,14.0,0.86,0.9,0.67,0.82,0.58,0.046,0.02,19.86,6.84,55.97
Firozabad,2022,2,27.1591,78.3957,165,23.2,10.2,18.2,55.7,0.6,0.12,-0.44,0.3,9220,0.55,14.0,0.86,0.9,0.67,0.82,0.58,0.046,0.02,25.43,12.54,60.63
Firozabad,2022,3,27.1591,78.3957,165,29.1,17.0,24.1,31.6,3.7,0.084,-0.44,0.3,9220,0.55,14.0,0.86,0.9,0.67,0.82,0.58,0.046,0.02,29.77,16.6,58.06
Firozabad,2022,4,27.1591,78.3957,165,37.2,23.4,32.2,52.1,3.5,0.084,-0.44,0.3,9220,0.55,14.0,0.86,0.9,0.67,0.82,0.58,0.046,0.02,38.57,25.58,57.38
Firozabad,2022,5,27.1591,78.3957,165,46.6,33.2,41.6,59.3,3.0,0.084,-0.44,0.3,9220,0.55,14.0,0.86,0.9,0.67,0.82,0.58,0.046,0.02,44.14,31.07,58.0
Firozabad,2022,6,27.1591,78.3957,165,43.9,30.7,38.9,64.2,2.0,0.12,-0.44,0.3,9220,0.55,14.0,0.86,0.9,0.67,0.82,0.58,0.046,0.02,44.54,31.86,60.66
Firozabad,2022,7,27.1591,78.3957,165,37.2,22.7,32.2,75.8,2.2,0.168,-0.264,0.3,9220,0.55,14.0,0.86,0.9,0.67,0.82,0.58,0.046,0.02,39.93,27.0,57.99
Firozabad,2022,8,27.1591,78.3957,165,36.5,23.5,31.5,76.9,1.2,0.168,-0.264,0.3,9220,0.55,14.0,0.86,0.9,0.67,0.82,0.58,0.046,0.02,39.37,26.77,53.33
Firozabad,2022,9,27.1591,78.3957,165,32.4,18.2,27.4,75.1,3.5,0.168,-0.264,0.3,9220,0.55,14.0,0.86,0.9,0.67,0.82,0.58,0.046,0.02,34.23,20.99,58.22
Firozabad,2022,10,27.1591,78.3957,165,31.5,16.9,26.5,64.6,2.0,0.12,-0.44,0.3,9220,0.55,14.0,0.86,0.9,0.67,0.82,0.58,0.046,0.02,33.88,21.57,54.99
Firozabad,2022,11,27.1591,78.3957,165,32.5,18.9,27.5,61.3,1.5,0.12,-0.44,0.3,9220,0.55,14.0,0.86,0.9,0.67,0.82,0.58,0.046,0.02,29.03,15.7,59.99
Firozabad,2022,12,27.1591,78.3957,165,20.5,8.4,15.5,50.7,2.4,0.12,-0.44,0.3,9220,0.55,14.0,0.86,0.9,0.67,0.82,0.58,0.046,0.02,21.95,8.78,56.28
Firozabad,2023,1,27.1591,78.3957,165,20.2,6.6,15.2,56.2,0.8,0.12,-0.44,0.3,9220,0.55,14.0,0.86,0.9,0.67,0.82,0.58,0.046,0.02,21.39,8.26,57.41
Firozabad,2023,2,27.1591,78.3957,165,24.9,11.4,19.9,50.1,1.4,0.12,-0.44,0.3,9220,0.55,14.0,0.86,0.9,0.67,0.82,0.58,0.046,0.02,25.92,12.84,61.72
Firozabad,2023,3,27.1591,78.3957,165,29.9,16.3,24.9,51.4,3.0,0.084,-0.44,0.3,9220,0.55,14.0,0.86,0.9,0.67,0.82,0.58,0.046,0.02,31.63,19.15,57.85
Firozabad,2023,4,27.1591,78.3957,165,37.7,22.7,32.7,44.4,3.0,0.084,-0.44,0.3,9220,0.55,14.0,0.86,0.9,0.67,0.82,0.58,0.046,0.02,39.66,26.32,55.81
Firozabad,2023,5,27.1591,78.3957,165,44.7,30.2,39.7,51.6,3.9,0.084,-0.44,0.3,9220,0.55,14.0,0.86,0.9,0.67,0.82,0.58,0.046,0.02,44.81,31.92,57.75
Firozabad,2023,6,27.1591,78.3957,165,42.8,27.9,37.8,45.7,0.5,0.12,-0.44,0.3,9220,0.55,14.0,0.86,0.9,0.67,0.82,0.58,0.046,0.02,44.77,31.7,54.87
Firozabad,2023,7,27.1591,78.3957,165,40.0,26.1,35.0,71.7,1.3,0.168,-0.264,0.3,9220,0.55,14.0,0.86,0.9,0.67,0.82,0.58,0.046,0.02,42.7,29.66,60.23
Firozabad,2023,8,27.1591,78.3957,165,39.0,26.9,34.0,76.3,2.7,0.168,-0.264,0.3,9220,0.55,14.0,0.86,0.9,0.67,0.82,0.58,0.046,0.02,38.44,25.19,57.74
Firozabad,2023,9,27.1591,78.3957,165,36.3,22.9,31.3,80.9,2.2,0.168,-0.264,0.3,9220,0.55,14.0,0.86,0.9,0.67,0.82,0.58,0.046,0.02,37.94,25.18,58.61
Firozabad,2023,10,27.1591,78.3957,165,35.1,21.9,30.1,50.0,1.4,0.12,-0.44,0.3,9220,0.55,14.0,0.86,0.9,0.67,0.82,0.58,0.046,0.02,37.96,24.76,58.56
Firozabad,2023,11,27.1591,78.3957,165,28.3,15.5,23.3,50.5,2.4,0.12,-0.44,0.3,9220,0.55,14.0,0.86,0.9,0.67,0.82,0.58,0.046,0.02,28.54,15.76,59.46
Firozabad,2023,12,27.1591,78.3957,165,21.4,7.9,16.4,53.9,2.7,0.12,-0.44,0.3,9220,0.55,14.0,0.86,0.9,0.67,0.82,0.58,0.046,0.02,21.53,8.33,55.88
Firozabad,2024,1,27.1591,78.3957,165,19.2,6.9,14.2,54.1,1.6,0.12,-0.44,0.3,9220,0.55,14.0,0.86,0.9,0.67,0.82,0.58,0.046,0.02,21.56,9.47,57.25
Firozabad,2024,2,27.1591,78.3957,165,24.5,11.4,19.5,67.8,3.2,0.12,-0.44,0.3,9220,0.55,14.0,0.86,0.9,0.67,0.82,0.58,0.046,0.02,26.58,13.77,60.42
Firozabad,2024,3,27.1591,78.3957,165,29.6,15.2,24.6,26.7,4.1,0.084,-0.44,0.3,9220,0.55,14.0,0.86,0.9,0.67,0.82,0.58,0.046,0.02,31.29,18.42,58.09
Firozabad,2024,4,27.1591,78.3957,165,38.1,24.2,33.1,41.1,4.5,0.084,-0.44,0.3,9220,0.55,14.0,0.86,0.9,0.67,0.82,0.58,0.046,0.02,39.08,26.43,57.47
Firozabad,2024,5,27.1591,78.3957,165,38.6,26.1,33.6,52.4,3.0,0.084,-0.44,0.3,9220,0.55,14.0,0.86,0.9,0.67,0.82,0.58,0.046,0.02,43.39,30.5,61.47
Firozabad,2024,6,27.1591,78.3957,165,43.7,31.0,38.7,60.0,2.5,0.12,-0.44,0.3,9220,0.55,14.0,0.86,0.9,0.67,0.82,0.58,0.046,0.02,43.43,30.31,61.56
Firozabad,2024,7,27.1591,78.3957,165,40.6,26.8,35.6,67.8,1.8,0.168,-0.264,0.3,9220,0.55,14.0,0.86,0.9,0.67,0.82,0.58,0.046,0.02,40.41,27.67,59.88
Firozabad,2024,8,27.1591,78.3957,165,36.6,21.9,31.6,75.8,3.7,0.168,-0.264,0.3,9220,0.55,14.0,0.86,0.9,0.67,0.82,0.58,0.046,0.02,37.57,24.47,57.15
Firozabad,2024,9,27.1591,78.3957,165,36.1,22.9,31.1,81.9,2.7,0.168,-0.264,0.3,9220,0.55,14.0,0.86,0.9,0.67,0.82,0.58,0.046,0.02,36.01,22.18,58.2
Firozabad,2024,10,27.1591,78.3957,165,32.7,19.2,27.7,55.2,1.7,0.12,-0.44,0.3,9220,0.55,14.0,0.86,0.9,0.67,0.82,0.58,0.046,0.02,34.1,21.81,54.83
Firozabad,2024,11,27.1591,78.3957,165,28.8,14.4,23.8,66.4,2.9,0.12,-0.44,0.3,9220,0.55,14.0,0.86,0.9,0.67,0.82,0.58,0.046,0.02,29.98,16.75,54.32
Firozabad,2024,12,27.1591,78.3957,165,21.6,8.8,16.6,37.3,1.8,0.12,-0.44,0.3,9220,0.55,14.0,0.86,0.9,0.67,0.82,0.58,0.046,0.02,23.6,10.49,54.6
Muzaffarnagar,2020,1,29.4727,77.7085,244,15.3,1.7,10.3,51.9,1.1,0.22,-0.34,0.16,7080,0.5,11.2,0.53,0.65,0.46,0.82,0.52,0.094,0.031,16.51,4.08,42.97
Muzaffarnagar,2020,2,29.4727,77.7085,244,17.4,3.3,12.4,61.5,0.5,0.22,-0.34,0.16,7080,0.5,11.2,0.53,0.65,0.46,0.82,0.52,0.094,0.031,17.52,5.27,43.85
Muzaffarnagar,2020,3,29.4727,77.7085,244,22.7,8.5,17.7,62.1,4.3,0.154,-0.34,0.16,7080,0.5,11.2,0.53,0.65,0.46,0.82,0.52,0.094,0.031,22.98,9.93,43.04
Muzaffarnagar,2020,4,29.4727,77.7085,244,33.9,20.2,28.9,54.5,3.0,0.154,-0.34,0.16,7080,0.5,11.2,0.53,0.65,0.46,0.82,0.52,0.094,0.031,34.08,22.15,43.37
Muzaffarnagar,2020,5,29.4727,77.7085,244,35.3,21.1,30.3,67.0,3.7,0.154,-0.34,0.16,7080,0.5,11.2,0.53,0.65,0.46,0.82,0.52,0.094,0.031,36.15,23.12,40.23
Muzaffarnagar,2020,6,29.4727,77.7085,244,35.6,22.3,30.6,48.4,1.6,0.22,-0.34,0.16,7080,0.5,11.2,0.53,0.65,0.46,0.82,0.52,0.094,0.031,36.22,23.79,42.9
Muzaffarnagar,2020,7,29.4727,77.7085,244,34.8,20.2,29.8,76.8,2.0,0.308,-0.204,0.16,7080,0.5,11.2,0.53,0.65,0.46,0.82,0.52,0.094,0.031,34.39,22.37,42.81
Muzaffarnagar,2020,8,29.4727,77.7085,244,33.2,18.5,28.2,73.1,0.9,0.308,-0.204,0.16,7080,0.5,11.2,0.53,0.65,0.46,0.82,0.52,0.094,0.031,32.82,20.3,45.32
Muzaffarnagar,2020,9,29.4727,77.7085,244,29.5,15.2,24.5,79.7,1.7,0.308,-0.204,0.16,7080,0.5,11.2,0.53,0.65,0.46,0.82,0.52,0.094,0.031,32.3,19.81,42.32
Muzaffarnagar,2020,10,29.4727,77.7085,244,27.7,15.4,22.7,72.5,2.8,0.22,-0.34,0.16,7080,0.5,11.2,0.53,0.65,0.46,0.82,0.52,0.094,0.031,27.84,15.89,43.02
Muzaffarnagar,2020,11,29.4727,77.7085,244,19.4,5.2,14.4,51.5,2.7,0.22,-0.34,0.16,7080,0.5,11.2,0.53,0.65,0.46,0.82,0.52,0.094,0.031,20.87,8.57,39.57
Muzaffarnagar,2020,12,29.4727,77.7085,244,17.0,2.2,12.0,57.0,0.5,0.22,-0.34,0.16,7080,0.5,11.2,0.53,0.65,0.46,0.82,0.52,0.094,0.031,17.07,4.92,40.62
Muzaffarnagar,2021,1,29.4727,77.7085,244,14.1,1.5,9.1,57.5,2.1,0.22,-0.34,0.16,7080,0.5,11.2,0.53,0.65,0.46,0.82,0.52,0.094,0.031,13.84,1.6,38.78
Muzaffarnagar,2021,2,29.4727,77.7085,244,19.7,6.4,14.7,58.2,1.9,0.22,-0.34,0.16,7080,0.5,11.2,0.53,0.65,0.46,0.82,0.52,0.094,0.031,20.74,8.62,40.14
Muzaffarnagar,2021,3,29.4727,77.7085,244,25.1,12.0,20.1,39.6,3.7,0.154,-0.34,0.16,7080,0.5,11.2,0.53,0.65,0.46,0.82,0.52,0.094,0.031,25.31,12.98,38.57
Muzaffarnagar,2021,4,29.4727,77.7085,244,33.9,19.3,28.9,33.7,3.5,0.154,-0.34,0.16,7080,0.5,11.2,0.53,0.65,0.46,0.82,0.52,0.094,0.031,32.67,20.4,37.19
Muzaffarnagar,2021,5,29.4727,77.7085,244,38.5,26.5,33.5,40.9,3.0,0.154,-0.34,0.16,7080,0.5,11.2,0.53,0.65,0.46,0.82,0.52,0.094,0.031,38.21,25.97,39.77
Muzaffarnagar,2021,6,29.4727,77.7085,244,36.5,23.8,31.5,59.9,2.0,0.22,-0.34,0.16,7080,0.5,11.2,0.53,0.65,0.46,0.82,0.52,0.094,0.031,36.74,24.35,39.4
Muzaffarnagar,2021,7,29.4727,77.7085,244,32.2,17.3,27.2,81.7,1.8,0.308,-0.204,0.16,7080,0.5,11.2,0.53,0.65,0.46,0.82,0.52,0.094,0.031,33.93,21.33,38.13
Muzaffarnagar,2021,8,29.4727,77.7085,244,32.3,19.8,27.3,76.8,1.0,0.308,-0.204,0.16,7080,0.5,11.2,0.53,0.65,0.46,0.82,0.52,0.094,0.031,32.91,20.38,45.32
Muzaffarnagar,2021,9,29.4727,77.7085,244,32.3,20.3,27.3,80.3,1.3,0.308,-0.204,0.16,7080,0.5,11.2,0.53,0.65,0.46,0.82,0.52,0.094,0.031,34.87,23.01,42.76
Muzaffarnagar,2021,10,29.4727,77.7085,244,25.6,12.5,20.6,48.1,3.3,0.22,-0.34,0.16,7080,0.5,11.2,0.53,0.65,0.46,0.82,0.52,0.094,0.031,27.76,14.95,41.91
Muzaffarnagar,2021,11,29.4727,77.7085,244,21.3,7.0,16.3,66.2,1.0,0.22,-0.34,0.16,7080,0.5,11.2,0.53,0.65,0.46,0.82,0.52,0.094,0.031,20.98,8.08,44.56
Muzaffarnagar,2021,12,29.4727,77.7085,244,15.2,1.8,10.2,56.2,0.8,0.22,-0.34,0.16,7080,0.5,11.2,0.53,0.65,0.46,0.82,0.52,0.094,0.031,15.18,2.67,40.87
Muzaffarnagar,2022,1,29.4727,77.7085,244,19.7,5.8,14.7,71.7,1.2,0.22,-0.34,0.16,7080,0.5,11.2,0.53,0.65,0.46,0.82,0.52,0.094,0.031,16.26,3.74,43.97
Muzaffarnagar,2022,2,29.4727,77.7085,244,20.0,5.6,15.0,47.1,2.6,0.22,-0.34,0.16,7080,0.5,11.2,0.53,0.65,0.46,0.82,0.52,0.094,0.031,18.75,6.05,44.33
Muzaffarnagar,2022,3,29.4727,77.7085,244,26.7,14.1,21.7,37.4,2.1,0.154,-0.34,0.16,7080,0.5,11.2,0.53,0.65,0.46,0.82,0.52,0.094,0.031,26.28,13.73,37.41
Muzaffarnagar,2022,4,29.4727,77.7085,244,30.6,17.9,25.6,35.7,3.7,0.154,-0.34,0.16,7080,0.5,11.2,0.53,0.65,0.46,0.82,0.52,0.094,0.031,31.38,19.1,43.5
Muzaffarnagar,2022,5,29.4727,77.7085,244,36.9,22.6,31.9,29.8,1.8,0.154,-0.34,0.16,7080,0.5,11.2,0.53,0.65,0.46,0.82,0.52,0.094,0.031,37.42,25.25,40.76
Muzaffarnagar,2022,6,29.4727,77.7085,244,35.1,21.2,30.1,58.8,3.1,0.22,-0.34,0.16,7080,0.5,11.2,0.53,0.65,0.46,0.82,0.52,0.094,0.031,35.75,23.05,41.29
Muzaffarnagar,2022,7,29.4727,77.7085,244,33.0,19.5,28.0,81.2,1.7,0.308,-0.204,0.16,7080,0.5,11.2,0.53,0.65,0.46,0.82,0.52,0.094,0.031,33.25,20.92,43.48
Muzaffarnagar,2022,8,29.4727,77.7085,244,30.7,18.0,25.7,78.4,2.9,0.308,-0.204,0.16,7080,0.5,11.2,0.53,0.65,0.46,0.82,0.52,0.094,0.031,31.22,18.52,40.88
Muzaffarnagar,2022,9,29.4727,77.7085,244,32.3,17.7,27.3,78.9,1.7,0.308,-0.204,0.16,7080,0.5,11.2,0.53,0.65,0.46,0.82,0.52,0.094,0.031,31.34,18.87,38.42
Muzaffarnagar,2022,10,29.4727,77.7085,244,30.0,15.2,25.0,62.4,2.2,0.22,-0.34,0.16,7080,0.5,11.2,0.53,0.65,0.46,0.82,0.52,0.094,0.031,31.28,18.78,40.4
Muzaffarnagar,2022,11,29.4727,77.7085,244,22.7,8.3,17.7,41.2,1.4,0.22,-0.34,0.16,7080,0.5,11.2,0.53,0.65,0.46,0.82,0.52,0.094,0.031,22.32,10.27,38.93
Muzaffarnagar,2022,12,29.4727,77.7085,244,16.5,4.3,11.5,37.0,2.3,0.22,-0.34,0.16,7080,0.5,11.2,0.53,0.65,0.46,0.82,0.52,0.094,0.031,17.42,4.98,40.29
Muzaffarnagar,2023,1,29.4727,77.7085,244,17.8,4.6,12.8,37.9,1.4,0.22,-0.34,0.16,7080,0.5,11.2,0.53,0.65,0.46,0.82,0.52,0.094,0.031,17.4,5.06,41.29
Muzaffarnagar,2023,2,29.4727,77.7085,244,17.5,3.7,12.5,51.5,2.8,0.22,-0.34,0.16,7080,0.5,11.2,0.53,0.65,0.46,0.82,0.52,0.094,0.031,17.9,6.18,41.17
Muzaffarnagar,2023,3,29.4727,77.7085,244,23.7,10.3,18.7,51.4,2.1,0.154,-0.34,0.16,7080,0.5,11.2,0.53,0.65,0.46,0.82,0.52,0.094,0.031,23.34,10.91,37.86
Muzaffarnagar,2023,4,29.4727,77.7085,244,33.6,19.8,28.6,39.9,2.5,0.154,-0.34,0.16,7080,0.5,11.2,0.53,0.65,0.46,0.82,0.52,0.094,0.031,34.06,21.5,39.53
Muzaffarnagar,2023,5,29.4727,77.7085,244,41.2,26.6,36.2,35.3,5.2,0.154,-0.34,0.16,7080,0.5,11.2,0.53,0.65,0.46,0.82,0.52,0.094,0.031,37.03,24.05,43.63
Muzaffarnagar,2023,6,29.4727,77.7085,244,34.1,20.1,29.1,55.4,1.8,0.22,-0.34,0.16,7080,0.5,11.2,0.53,0.65,0.46,0.82,0.52,0.094,0.031,34.9,22.71,43.09
Muzaffarnagar,2023,7,29.4727,77.7085,244,31.3,17.2,26.3,81.5,1.8,0.308,-0.204,0.16,7080,0.5,11.2,0.53,0.65,0.46,0.82,0.52,0.094,0.031,31.77,19.67,39.53
Muzaffarnagar,2023,8,29.4727,77.7085,244,31.8,19.3,26.8,82.0,1.8,0.308,-0.204,0.16,7080,0.5,11.2,0.53,0.65,0.46,0.82,0.52,0.094,0.031,34.52,22.1,42.3
Muzaffarnagar,2023,9,29.4727,77.7085,244,33.2,19.0,28.2,82.2,2.6,0.308,-0.204,0.16,7080,0.5,11.2,0.53,0.65,0.46,0.82,0.52,0.094,0.031,31.92,19.11,42.92
Muzaffarnagar,2023,10,29.4727,77.7085,244,29.2,16.6,24.2,44.0,1.2,0.22,-0.34,0.16,7080,0.5,11.2,0.53,0.65,0.46,0.82,0.52,0.094,0.031,29.24,16.34,43.39
Muzaffarnagar,2023,11,29.4727,77.7085,244,23.8,9.7,18.8,54.5,2.5,0.22,-0.34,0.16,7080,0.5,11.2,0.53,0.65,0.46,0.82,0.52,0.094,0.031,23.55,11.4,44.94
Muzaffarnagar,2023,12,29.4727,77.7085,244,16.2,1.4,11.2,52.4,1.9,0.22,-0.34,0.16,7080,0.5,11.2,0.53,0.65,0.46,0.82,0.52,0.094,0.031,16.65,3.69,39.55
Muzaffarnagar,2024,1,29.4727,77.7085,244,15.9,1.1,10.9,55.7,2.4,0.22,-0.34,0.16,7080,0.5,11.2,0.53,0.65,0.46,0.82,0.52,0.094,0.031,16.22,3.41,44.56
Muzaffarnagar,2024,2,29.4727,77.7085,244,17.1,3.4,12.1,31.6,1.1,0.22,-0.34,0.16,7080,0.5,11.2,0.53,0.65,0.46,0.82,0.52,0.094,0.031,17.84,5.42,42.86
Muzaffarnagar,2024,3,29.4727,77.7085,244,23.7,9.4,18.7,45.7,3.7,0.154,-0.34,0.16,7080,0.5,11.2,0.53,0.65,0.46,0.82,0.52,0.094,0.031,23.3,11.3,40.62
Muzaffarnagar,2024,4,29.4727,77.7085,244,31.3,18.8,26.3,25.9,1.8,0.154,-0.34,0.16,7080,0.5,11.2,0.53,0.65,0.46,0.82,0.52,0.094,0.031,32.12,19.84,42.21
Muzaffarnagar,2024,5,29.4727,77.7085,244,38.3,24.7,33.3,48.2,3.6,0.154,-0.34,0.16,7080,0.5,11.2,0.53,0.65,0.46,0.82,0.52,0.094,0.031,38.03,25.74,42.09
Muzaffarnagar,2024,6,29.4727,77.7085,244,34.2,21.4,29.2,35.6,2.7,0.22,-0.34,0.16,7080,0.5,11.2,0.53,0.65,0.46,0.82,0.52,0.094,0.031,34.9,22.35,40.9
Muzaffarnagar,2024,7,29.4727,77.7085,244,34.3,20.4,29.3,76.9,0.6,0.308,-0.204,0.16,7080,0.5,11.2,0.53,0.65,0.46,0.82,0.52,0.094,0.031,33.84,21.81,38.84
Muzaffarnagar,2024,8,29.4727,77.7085,244,34.6,19.6,29.6,80.7,2.6,0.308,-0.204,0.16,7080,0.5,11.2,0.53,0.65,0.46,0.82,0.52,0.094,0.031,35.19,22.63,37.89
Muzaffarnagar,2024,9,29.4727,77.7085,244,32.7,18.7,27.7,76.9,0.5,0.308,-0.204,0.16,7080,0.5,11.2,0.53,0.65,0.46,0.82,0.52,0.094,0.031,32.77,20.09,44.34
Muzaffarnagar,2024,10,29.4727,77.7085,244,27.8,14.5,22.8,68.0,2.1,0.22,-0.34,0.16,7080,0.5,11.2,0.53,0.65,0.46,0.82,0.52,0.094,0.031,27.97,15.66,41.67
Muzaffarnagar,2024,11,29.4727,77.7085,244,24.5,10.2,19.5,64.1,2.9,0.22,-0.34,0.16,7080,0.5,11.2,0.53,0.65,0.46,0.82,0.52,0.094,0.031,22.1,10.05,39.05
Muzaffarnagar,2024,12,29.4727,77.7085,244,17.8,3.7,12.8,60.0,1.8,0.22,-0.34,0.16,7080,0.5,11.2,0.53,0.65,0.46,0.82,0.52,0.094,0.031,16.02,3.18,43.11
Ayodhya,2020,1,26.7922,82.1998,93,13.6,-0.9,8.6,52.8,1.1,0.35,-0.15,0.06,2265,0.16,9.2,0.14,0.25,0.11,0.82,0.401,0.213,0.069,14.16,2.25,12.96
Ayodhya,2020,2,26.7922,82.1998,93,14.4,-0.1,9.4,48.5,1.1,0.35,-0.15,0.06,2265,0.16,9.2,0.14,0.25,0.11,0.82,0.401,0.213,0.069,15.08,2.86,14.77
Ayodhya,2020,3,26.7922,82.1998,93,21.3,6.5,16.3,39.7,4.0,0.245,-0.15,0.06,2265,0.16,9.2,0.14,0.25,0.11,0.82,0.401,0.213,0.069,22.26,9.87,13.84
Ayodhya,2020,4,26.7922,82.1998,93,32.0,17.8,27.0,37.3,3.6,0.245,-0.15,0.06,2265,0.16,9.2,0.14,0.25,0.11,0.82,0.401,0.213,0.069,30.69,18.55,18.0
Ayodhya,2020,5,26.7922,82.1998,93,35.1,22.7,30.1,43.4,4.0,0.245,-0.15,0.06,2265,0.16,9.2,0.14,0.25,0.11,0.82,0.401,0.213,0.069,36.13,23.59,15.62
Ayodhya,2020,6,26.7922,82.1998,93,30.4,16.6,25.4,50.6,0.9,0.35,-0.15,0.06,2265,0.16,9.2,0.14,0.25,0.11,0.82,0.401,0.213,0.069,32.26,19.92,13.44
Ayodhya,2020,7,26.7922,82.1998,93,30.2,16.2,25.2,76.6,2.3,0.49,-0.09,0.06,2265,0.16,9.2,0.14,0.25,0.11,0.82,0.401,0.213,0.069,29.95,17.79,13.86
Ayodhya,2020,8,26.7922,82.1998,93,30.0,15.7,25.0,77.2,1.5,0.49,-0.09,0.06,2265,0.16,9.2,0.14,0.25,0.11,0.82,0.401,0.213,0.069,27.69,15.04,12.17
Ayodhya,2020,9,26.7922,82.1998,93,28.2,15.9,23.2,69.7,2.4,0.49,-0.09,0.06,2265,0.16,9.2,0.14,0.25,0.11,0.82,0.401,0.213,0.069,28.58,16.92,12.43
Ayodhya,2020,10,26.7922,82.1998,93,29.0,16.3,24.0,40.9,1.8,0.35,-0.15,0.06,2265,0.16,9.2,0.14,0.25,0.11,0.82,0.401,0.213,0.069,27.03,14.99,20.02
Ayodhya,2020,11,26.7922,82.1998,93,19.0,5.3,14.0,52.0,2.8,0.35,-0.15,0.06,2265,0.16,9.2,0.14,0.25,0.11,0.82,0.401,0.213,0.069,20.54,7.97,13.11
Ayodhya,2020,12,26.7922,82.1998,93,15.6,0.9,10.6,54.5,1.8,0.35,-0.15,0.06,2265,0.16,9.2,0.14,0.25,0.11,0.82,0.401,0.213,0.069,14.9,2.81,13.15
Ayodhya,2021,1,26.7922,82.1998,93,13.4,-1.4,8.4,57.4,1.2,0.35,-0.15,0.06,2265,0.16,9.2,0.14,0.25,0.11,0.82,0.401,0.213,0.069,12.01,0.09,10.64
Ayodhya,2021,2,26.7922,82.1998,93,17.5,4.7,12.5,51.6,1.4,0.35,-0.15,0.06,2265,0.16,9.2,0.14,0.25,0.11,0.82,0.401,0.213,0.069,17.52,5.2,13.99
Ayodhya,2021,3,26.7922,82.1998,93,24.3,11.0,19.3,42.8,3.3,0.245,-0.15,0.06,2265,0.16,9.2,0.14,0.25,0.11,0.82,0.401,0.213,0.069,24.27,11.85,15.47
Ayodhya,2021,4,26.7922,82.1998,93,28.8,14.8,23.8,29.1,3.4,0.245,-0.15,0.06,2265,0.16,9.2,0.14,0.25,0.11,0.82,0.401,0.213,0.069,30.48,18.8,14.84
Ayodhya,2021,5,26.7922,82.1998,93,33.3,19.9,28.3,41.8,3.5,0.245,-0.15,0.06,2265,0.16,9.2,0.14,0.25,0.11,0.82,0.401,0.213,0.069,32.51,20.39,10.96
Ayodhya,2021,6,26.7922,82.1998,93,32.0,19.3,27.0,66.3,3.5,0.35,-0.15,0.06,2265,0.16,9.2,0.14,0.25,0.11,0.82,0.401,0.213,0.069,32.48,20.7,9.54
Ayodhya,2021,7,26.7922,82.1998,93,28.3,15.1,23.3,75.3,1.8,0.49,-0.09,0.06,2265,0.16,9.2,0.14,0.25,0.11,0.82,0.401,0.213,0.069,27.8,15.4,14.75
Ayodhya,2021,8,26.7922,82.1998,93,31.3,18.1,26.3,79.3,1.8,0.49,-0.09,0.06,2265,0.16,9.2,0.14,0.25,0.11,0.82,0.401,0.213,0.069,29.88,17.36,13.06
Ayodhya,2021,9,26.7922,82.1998,93,30.0,17.3,25.0,85.4,1.5,0.49,-0.09,0.06,2265,0.16,9.2,0.14,0.25,0.11,0.82,0.401,0.213,0.069,30.18,18.04,14.18
Ayodhya,2021,10,26.7922,82.1998,93,27.5,13.3,22.5,54.2,2.7,0.35,-0.15,0.06,2265,0.16,9.2,0.14,0.25,0.11,0.82,0.401,0.213,0.069,27.43,15.73,15.2
Ayodhya,2021,11,26.7922,82.1998,93,20.6,8.5,15.6,62.1,1.9,0.35,-0.15,0.06,2265,0.16,9.2,0.14,0.25,0.11,0.82,0.401,0.213,0.069,18.68,6.4,11.04
Ayodhya,2021,12,26.7922,82.1998,93,12.4,-1.9,7.4,49.5,2.6,0.35,-0.15,0.06,2265,0.16,9.2,0.14,0.25,0.11,0.82,0.401,0.213,0.069,12.88,0.69,14.67
Ayodhya,2022,1,26.7922,82.1998,93,12.5,-0.1,7.5,62.8,2.2,0.35,-0.15,0.06,2265,0.16,9.2,0.14,0.25,0.11,0.82,0.401,0.213,0.069,12.9,0.37,14.02
Ayodhya,2022,2,26.7922,82.1998,93,18.7,3.9,13.7,41.4,1.4,0.35,-0.15,0.06,2265,0.16,9.2,0.14,0.25,0.11,0.82,0.401,0.213,0.069,18.62,7.25,11.83
Ayodhya,2022,3,26.7922,82.1998,93,24.7,12.4,19.7,46.9,3.1,0.245,-0.15,0.06,2265,0.16,9.2,0.14,0.25,0.11,0.82,0.401,0.213,0.069,23.94,12.31,14.28
Ayodhya,2022,4,26.7922,82.1998,93,31.4,17.9,26.4,40.3,4.8,0.245,-0.15,0.06,2265,0.16,9.2,0.14,0.25,0.11,0.82,0.401,0.213,0.069,30.24,18.03,14.07
Ayodhya,2022,5,26.7922,82.1998,93,34.4,22.3,29.4,39.4,3.3,0.245,-0.15,0.06,2265,0.16,9.2,0.14,0.25,0.11,0.82,0.401,0.213,0.069,33.3,20.67,14.22
Ayodhya,2022,6,26.7922,82.1998,93,35.0,20.3,30.0,41.0,1.4,0.35,-0.15,0.06,2265,0.16,9.2,0.14,0.25,0.11,0.82,0.401,0.213,0.069,34.41,22.31,13.19
Ayodhya,2022,7,26.7922,82.1998,93,29.3,16.7,24.3,78.2,2.3,0.49,-0.09,0.06,2265,0.16,9.2,0.14,0.25,0.11,0.82,0.401,0.213,0.069,29.27,17.15,12.33
Ayodhya,2022,8,26.7922,82.1998,93,27.2,13.4,22.2,82.6,1.6,0.49,-0.09,0.06,2265,0.16,9.2,0.14,0.25,0.11,0.82,0.401,0.213,0.069,28.78,16.42,14.55
Ayodhya,2022,9,26.7922,82.1998,93,29.2,14.4,24.2,69.6,1.9,0.49,-0.09,0.06,2265,0.16,9.2,0.14,0.25,0.11,0.82,0.401,0.213,0.069,28.7,16.17,14.27
Ayodhya,2022,10,26.7922,82.1998,93,29.8,17.0,24.8,54.0,1.5,0.35,-0.15,0.06,2265,0.16,9.2,0.14,0.25,0.11,0.82,0.401,0.213,0.069,27.73,15.05,14.19
Ayodhya,2022,11,26.7922,82.1998,93,20.3,5.7,15.3,45.2,2.1,0.35,-0.15,0.06,2265,0.16,9.2,0.14,0.25,0.11,0.82,0.401,0.213,0.069,21.43,9.41,9.66
Ayodhya,2022,12,26.7922,82.1998,93,16.3,2.2,11.3,61.1,2.4,0.35,-0.15,0.06,2265,0.16,9.2,0.14,0.25,0.11,0.82,0.401,0.213,0.069,15.25,2.87,10.89
Ayodhya,2023,1,26.7922,82.1998,93,15.9,1.2,10.9,59.3,2.8,0.35,-0.15,0.06,2265,0.16,9.2,0.14,0.25,0.11,0.82,0.401,0.213,0.069,13.45,1.14,14.31
Ayodhya,2023,2,26.7922,82.1998,93,17.7,4.3,12.7,54.3,3.1,0.35,-0.15,0.06,2265,0.16,9.2,0.14,0.25,0.11,0.82,0.401,0.213,0.069,18.08,5.95,15.39
Ayodhya,2023,3,26.7922,82.1998,93,24.0,10.2,19.0,31.9,4.1,0.245,-0.15,0.06,2265,0.16,9.2,0.14,0.25,0.11,0.82,0.401,0.213,0.069,21.71,9.55,15.05
Ayodhya,2023,4,26.7922,82.1998,93,31.4,16.8,26.4,24.8,3.0,0.245,-0.15,0.06,2265,0.16,9.2,0.14,0.25,0.11,0.82,0.401,0.213,0.069,31.42,19.3,13.46
Ayodhya,2023,5,26.7922,82.1998,93,35.3,21.0,30.3,23.0,3.3,0.245,-0.15,0.06,2265,0.16,9.2,0.14,0.25,0.11,0.82,0.401,0.213,0.069,35.12,22.66,13.7
Ayodhya,2023,6,26.7922,82.1998,93,33.8,19.1,28.8,52.6,1.6,0.35,-0.15,0.06,2265,0.16,9.2,0.14,0.25,0.11,0.82,0.401,0.213,0.069,33.11,20.63,14.21
Ayodhya,2023,7,26.7922,82.1998,93,34.2,21.3,29.2,88.0,1.8,0.49,-0.09,0.06,2265,0.16,9.2,0.14,0.25,0.11,0.82,0.401,0.213,0.069,31.23,18.77,17.26
Ayodhya,2023,8,26.7922,82.1998,93,30.2,15.7,25.2,72.2,3.3,0.49,-0.09,0.06,2265,0.16,9.2,0.14,0.25,0.11,0.82,0.401,0.213,0.069,29.86,17.78,11.53
Ayodhya,2023,9,26.7922,82.1998,93,33.0,18.2,28.0,79.7,1.9,0.49,-0.09,0.06,2265,0.16,9.2,0.14,0.25,0.11,0.82,0.401,0.213,0.069,29.72,17.23,12.81
Ayodhya,2023,10,26.7922,82.1998,93,28.6,15.3,23.6,37.9,1.8,0.35,-0.15,0.06,2265,0.16,9.2,0.14,0.25,0.11,0.82,0.401,0.213,0.069,26.18,13.66,13.22
Ayodhya,2023,11,26.7922,82.1998,93,21.5,7.0,16.5,73.6,2.1,0.35,-0.15,0.06,2265,0.16,9.2,0.14,0.25,0.11,0.82,0.401,0.213,0.069,21.59,9.11,10.67
Ayodhya,2023,12,26.7922,82.1998,93,15.3,0.9,10.3,53.2,2.0,0.35,-0.15,0.06,2265,0.16,9.2,0.14,0.25,0.11,0.82,0.401,0.213,0.069,15.97,3.64,12.74
Ayodhya,2024,1,26.7922,82.1998,93,16.1,3.0,11.1,51.5,2.5,0.35,-0.15,0.06,2265,0.16,9.2,0.14,0.25,0.11,0.82,0.401,0.213,0.069,14.05,1.94,15.5
Ayodhya,2024,2,26.7922,82.1998,93,18.0,4.1,13.0,49.4,1.2,0.35,-0.15,0.06,2265,0.16,9.2,0.14,0.25,0.11,0.82,0.401,0.213,0.069,18.59,6.49,11.92
Ayodhya,2024,3,26.7922,82.1998,93,20.7,6.7,15.7,39.4,2.6,0.245,-0.15,0.06,2265,0.16,9.2,0.14,0.25,0.11,0.82,0.401,0.213,0.069,21.0,8.68,12.47
Ayodhya,2024,4,26.7922,82.1998,93,30.5,17.5,25.5,30.2,3.5,0.245,-0.15,0.06,2265,0.16,9.2,0.14,0.25,0.11,0.82,0.401,0.213,0.069,31.41,18.73,12.05
Ayodhya,2024,5,26.7922,82.1998,93,34.9,21.7,29.9,32.9,2.2,0.245,-0.15,0.06,2265,0.16,9.2,0.14,0.25,0.11,0.82,0.401,0.213,0.069,33.67,21.89,10.37
Ayodhya,2024,6,26.7922,82.1998,93,32.4,18.7,27.4,54.8,2.9,0.35,-0.15,0.06,2265,0.16,9.2,0.14,0.25,0.11,0.82,0.401,0.213,0.069,33.12,20.8,12.05
Ayodhya,2024,7,26.7922,82.1998,93,27.9,14.5,22.9,75.1,1.5,0.49,-0.09,0.06,2265,0.16,9.2,0.14,0.25,0.11,0.82,0.401,0.213,0.069,27.94,15.95,12.19
Ayodhya,2024,8,26.7922,82.1998,93,29.3,16.0,24.3,72.9,1.1,0.49,-0.09,0.06,2265,0.16,9.2,0.14,0.25,0.11,0.82,0.401,0.213,0.069,28.6,16.29,16.72
Ayodhya,2024,9,26.7922,82.1998,93,28.8,15.3,23.8,81.3,1.6,0.49,-0.09,0.06,2265,0.16,9.2,0.14,0.25,0.11,0.82,0.401,0.213,0.069,28.2,15.88,13.11
Ayodhya,2024,10,26.7922,82.1998,93,25.8,13.1,20.8,56.3,1.2,0.35,-0.15,0.06,2265,0.16,9.2,0.14,0.25,0.11,0.82,0.401,0.213,0.069,24.81,12.75,13.77
Ayodhya,2024,11,26.7922,82.1998,93,22.8,8.8,17.8,51.9,2.9,0.35,-0.15,0.06,2265,0.16,9.2,0.14,0.25,0.11,0.82,0.401,0.213,0.069,22.55,10.14,12.3
Ayodhya,2024,12,26.7922,82.1998,93,16.6,2.7,11.6,41.7,3.5,0.35,-0.15,0.06,2265,0.16,9.2,0.14,0.25,0.11,0.82,0.401,0.213,0.069,15.65,2.94,15.72
Shahjahanpur,2020,1,27.8835,79.9049,155,14.0,-1.0,9.0,51.9,0.9,0.28,-0.25,0.1,5359,0.41,10.0,0.36,0.35,0.33,0.82,0.49,0.137,0.04,15.0,2.66,27.72
Shahjahanpur,2020,2,27.8835,79.9049,155,13.9,1.0,8.9,60.7,1.4,0.28,-0.25,0.1,5359,0.41,10.0,0.36,0.35,0.33,0.82,0.49,0.137,0.04,15.07,2.65,30.99
Shahjahanpur,2020,3,27.8835,79.9049,155,22.2,7.8,17.2,27.3,3.4,0.196,-0.25,0.1,5359,0.41,10.0,0.36,0.35,0.33,0.82,0.49,0.137,0.04,23.32,11.44,30.18
Shahjahanpur,2020,4,27.8835,79.9049,155,29.7,17.2,24.7,38.0,3.6,0.196,-0.25,0.1,5359,0.41,10.0,0.36,0.35,0.33,0.82,0.49,0.137,0.04,29.57,17.28,28.93
Shahjahanpur,2020,5,27.8835,79.9049,155,35.3,22.9,30.3,49.7,3.9,0.196,-0.25,0.1,5359,0.41,10.0,0.36,0.35,0.33,0.82,0.49,0.137,0.04,35.7,23.5,32.29
Shahjahanpur,2020,6,27.8835,79.9049,155,38.6,24.7,33.6,55.4,1.9,0.28,-0.25,0.1,5359,0.41,10.0,0.36,0.35,0.33,0.82,0.49,0.137,0.04,36.82,24.66,32.12
Shahjahanpur,2020,7,27.8835,79.9049,155,33.8,21.1,28.8,72.8,2.0,0.392,-0.15,0.1,5359,0.41,10.0,0.36,0.35,0.33,0.82,0.49,0.137,0.04,32.08,20.11,27.79
Shahjahanpur,2020,8,27.8835,79.9049,155,31.8,19.6,26.8,86.2,1.2,0.392,-0.15,0.1,5359,0.41,10.0,0.36,0.35,0.33,0.82,0.49,0.137,0.04,32.35,20.15,29.18
Shahjahanpur,2020,9,27.8835,79.9049,155,31.1,16.8,26.1,81.2,3.3,0.392,-0.15,0.1,5359,0.41,10.0,0.36,0.35,0.33,0.82,0.49,0.137,0.04,30.21,17.53,28.78
Shahjahanpur,2020,10,27.8835,79.9049,155,26.4,11.6,21.4,44.7,2.4,0.28,-0.25,0.1,5359,0.41,10.0,0.36,0.35,0.33,0.82,0.49,0.137,0.04,26.36,14.51,30.36
Shahjahanpur,2020,11,27.8835,79.9049,155,22.5,8.8,17.5,51.8,2.6,0.28,-0.25,0.1,5359,0.41,10.0,0.36,0.35,0.33,0.82,0.49,0.137,0.04,22.27,9.81,32.07
Shahjahanpur,2020,12,27.8835,79.9049,155,15.7,3.3,10.7,47.9,2.0,0.28,-0.25,0.1,5359,0.41,10.0,0.36,0.35,0.33,0.82,0.49,0.137,0.04,13.86,1.44,30.02
Shahjahanpur,2021,1,27.8835,79.9049,155,15.3,0.4,10.3,59.1,2.4,0.28,-0.25,0.1,5359,0.41,10.0,0.36,0.35,0.33,0.82,0.49,0.137,0.04,14.24,1.58,29.01
Shahjahanpur,2021,2,27.8835,79.9049,155,17.7,5.4,12.7,63.3,1.9,0.28,-0.25,0.1,5359,0.41,10.0,0.36,0.35,0.33,0.82,0.49,0.137,0.04,18.58,6.28,28.84
Shahjahanpur,2021,3,27.8835,79.9049,155,22.9,8.1,17.9,43.8,3.3,0.196,-0.25,0.1,5359,0.41,10.0,0.36,0.35,0.33,0.82,0.49,0.137,0.04,23.4,11.01,29.52
Shahjahanpur,2021,4,27.8835,79.9049,155,31.7,19.2,26.7,24.1,4.1,0.196,-0.25,0.1,5359,0.41,10.0,0.36,0.35,0.33,0.82,0.49,0.137,0.04,30.73,18.36,28.85
Shahjahanpur,2021,5,27.8835,79.9049,155,35.3,20.5,30.3,37.9,3.7,0.196,-0.25,0.1,5359,0.41,10.0,0.36,0.35,0.33,0.82,0.49,0.137,0.04,35.69,23.34,31.63
Shahjahanpur,2021,6,27.8835,79.9049,155,37.9,23.4,32.9,61.0,1.7,0.28,-0.25,0.1,5359,0.41,10.0,0.36,0.35,0.33,0.82,0.49,0.137,0.04,38.44,26.08,31.56
Shahjahanpur,2021,7,27.8835,79.9049,155,32.7,19.8,27.7,80.1,0.7,0.392,-0.15,0.1,5359,0.41,10.0,0.36,0.35,0.33,0.82,0.49,0.137,0.04,32.1,20.23,27.08
Shahjahanpur,2021,8,27.8835,79.9049,155,35.3,20.7,30.3,70.1,2.2,0.392,-0.15,0.1,5359,0.41,10.0,0.36,0.35,0.33,0.82,0.49,0.137,0.04,32.72,20.43,31.34
Shahjahanpur,2021,9,27.8835,79.9049,155,30.7,15.8,25.7,76.2,1.8,0.392,-0.15,0.1,5359,0.41,10.0,0.36,0.35,0.33,0.82,0.49,0.137,0.04,29.22,16.48,33.39
Shahjahanpur,2021,10,27.8835,79.9049,155,25.3,11.8,20.3,61.4,2.7,0.28,-0.25,0.1,5359,0.41,10.0,0.36,0.35,0.33,0.82,0.49,0.137,0.04,26.07,13.89,28.94
Shahjahanpur,2021,11,27.8835,79.9049,155,21.8,8.5,16.8,65.9,2.5,0.28,-0.25,0.1,5359,0.41,10.0,0.36,0.35,0.33,0.82,0.49,0.137,0.04,22.12,9.87,28.75
Shahjahanpur,2021,12,27.8835,79.9049,155,15.2,0.6,10.2,54.2,2.4,0.28,-0.25,0.1,5359,0.41,10.0,0.36,0.35,0.33,0.82,0.49,0.137,0.04,15.81,3.76,26.01
Shahjahanpur,2022,1,27.8835,79.9049,155,14.9,1.3,9.9,43.5,3.6,0.28,-0.25,0.1,5359,0.41,10.0,0.36,0.35,0.33,0.82,0.49,0.137,0.04,13.38,1.64,33.18
Shahjahanpur,2022,2,27.8835,79.9049,155,19.0,5.0,14.0,58.0,2.5,0.28,-0.25,0.1,5359,0.41,10.0,0.36,0.35,0.33,0.82,0.49,0.137,0.04,18.06,5.51,28.42
Shahjahanpur,2022,3,27.8835,79.9049,155,20.5,6.3,15.5,22.8,3.5,0.196,-0.25,0.1,5359,0.41,10.0,0.36,0.35,0.33,0.82,0.49,0.137,0.04,20.68,8.62,29.86
Shahjahanpur,2022,4,27.8835,79.9049,155,30.2,16.8,25.2,32.8,4.7,0.196,-0.25,0.1,5359,0.41,10.0,0.36,0.35,0.33,0.82,0.49,0.137,0.04,30.68,18.21,33.61
Shahjahanpur,2022,5,27.8835,79.9049,155,38.4,26.1,33.4,32.7,2.6,0.196,-0.25,0.1,5359,0.41,10.0,0.36,0.35,0.33,0.82,0.49,0.137,0.04,36.27,24.14,30.34
Shahjahanpur,2022,6,27.8835,79.9049,155,36.3,21.4,31.3,57.5,2.9,0.28,-0.25,0.1,5359,0.41,10.0,0.36,0.35,0.33,0.82,0.49,0.137,0.04,34.81,22.27,31.94
Shahjahanpur,2022,7,27.8835,79.9049,155,32.7,20.3,27.7,75.2,1.6,0.392,-0.15,0.1,5359,0.41,10.0,0.36,0.35,0.33,0.82,0.49,0.137,0.04,31.18,19.53,30.03
Shahjahanpur,2022,8,27.8835,79.9049,155,27.4,13.8,22.4,85.3,0.9,0.392,-0.15,0.1,5359,0.41,10.0,0.36,0.35,0.33,0.82,0.49,0.137,0.04,28.48,16.68,30.43
Shahjahanpur,2022,9,27.8835,79.9049,155,28.2,16.1,23.2,82.0,2.7,0.392,-0.15,0.1,5359,0.41,10.0,0.36,0.35,0.33,0.82,0.49,0.137,0.04,29.38,17.38,31.43
Shahjahanpur,2022,10,27.8835,79.9049,155,29.2,15.6,24.2,59.6,1.7,0.28,-0.25,0.1,5359,0.41,10.0,0.36,0.35,0.33,0.82,0.49,0.137,0.04,26.85,14.57,30.09
Shahjahanpur,2022,11,27.8835,79.9049,155,18.5,3.7,13.5,58.5,0.9,0.28,-0.25,0.1,5359,0.41,10.0,0.36,0.35,0.33,0.82,0.49,0.137,0.04,20.86,8.86,32.9
Shahjahanpur,2022,12,27.8835,79.9049,155,16.3,3.4,11.3,63.1,1.1,0.28,-0.25,0.1,5359,0.41,10.0,0.36,0.35,0.33,0.82,0.49,0.137,0.04,15.56,3.5,33.53
Shahjahanpur,2023,1,27.8835,79.9049,155,13.6,0.1,8.6,74.2,1.3,0.28,-0.25,0.1,5359,0.41,10.0,0.36,0.35,0.33,0.82,0.49,0.137,0.04,13.53,0.68,32.8
Shahjahanpur,2023,2,27.8835,79.9049,155,19.4,5.0,14.4,54.5,0.9,0.28,-0.25,0.1,5359,0.41,10.0,0.36,0.35,0.33,0.82,0.49,0.137,0.04,19.25,7.04,29.7
Shahjahanpur,2023,3,27.8835,79.9049,155,20.6,7.2,15.6,40.6,3.3,0.196,-0.25,0.1,5359,0.41,10.0,0.36,0.35,0.33,0.82,0.49,0.137,0.04,20.23,7.96,29.14
Shahjahanpur,2023,4,27.8835,79.9049,155,29.8,15.5,24.8,51.2,4.2,0.196,-0.25,0.1,5359,0.41,10.0,0.36,0.35,0.33,0.82,0.49,0.137,0.04,29.84,17.75,30.47
Shahjahanpur,2023,5,27.8835,79.9049,155,38.8,24.5,33.8,41.4,3.4,0.196,-0.25,0.1,5359,0.41,10.0,0.36,0.35,0.33,0.82,0.49,0.137,0.04,37.63,24.83,32.51
Shahjahanpur,2023,6,27.8835,79.9049,155,36.4,21.6,31.4,47.6,2.2,0.28,-0.25,0.1,5359,0.41,10.0,0.36,0.35,0.33,0.82,0.49,0.137,0.04,36.57,24.19,29.98
Shahjahanpur,2023,7,27.8835,79.9049,155,30.1,17.5,25.1,85.9,2.2,0.392,-0.15,0.1,5359,0.41,10.0,0.36,0.35,0.33,0.82,0.49,0.137,0.04,31.54,19.68,29.48
Shahjahanpur,2023,8,27.8835,79.9049,155,32.1,17.1,27.1,68.6,0.8,0.392,-0.15,0.1,5359,0.41,10.0,0.36,0.35,0.33,0.82,0.49,0.137,0.04,30.49,18.0,32.31
Shahjahanpur,2023,9,27.8835,79.9049,155,28.7,15.7,23.7,74.0,2.1,0.392,-0.15,0.1,5359,0.41,10.0,0.36,0.35,0.33,0.82,0.49,0.137,0.04,28.72,16.42,32.77
Shahjahanpur,2023,10,27.8835,79.9049,155,26.5,12.7,21.5,59.3,1.4,0.28,-0.25,0.1,5359,0.41,10.0,0.36,0.35,0.33,0.82,0.49,0.137,0.04,28.45,16.22,30.88
Shahjahanpur,2023,11,27.8835,79.9049,155,19.4,7.0,14.4,52.4,2.4,0.28,-0.25,0.1,5359,0.41,10.0,0.36,0.35,0.33,0.82,0.49,0.137,0.04,21.17,9.21,28.51
Shahjahanpur,2023,12,27.8835,79.9049,155,16.4,1.8,11.4,55.8,2.0,0.28,-0.25,0.1,5359,0.41,10.0,0.36,0.35,0.33,0.82,0.49,0.137,0.04,15.1,2.91,32.07
Shahjahanpur,2024,1,27.8835,79.9049,155,12.6,-0.8,7.6,64.3,3.0,0.28,-0.25,0.1,5359,0.41,10.0,0.36,0.35,0.33,0.82,0.49,0.137,0.04,13.9,2.03,30.8
Shahjahanpur,2024,2,27.8835,79.9049,155,14.7,1.1,9.7,48.5,1.1,0.28,-0.25,0.1,5359,0.41,10.0,0.36,0.35,0.33,0.82,0.49,0.137,0.04,15.47,3.28,31.91
Shahjahanpur,2024,3,27.8835,79.9049,155,23.0,9.2,18.0,51.5,3.0,0.196,-0.25,0.1,5359,0.41,10.0,0.36,0.35,0.33,0.82,0.49,0.137,0.04,23.3,10.85,31.6
Shahjahanpur,2024,4,27.8835,79.9049,155,29.8,16.7,24.8,38.7,2.9,0.196,-0.25,0.1,5359,0.41,10.0,0.36,0.35,0.33,0.82,0.49,0.137,0.04,30.68,18.29,28.11
Shahjahanpur,2024,5,27.8835,79.9049,155,37.1,23.7,32.1,22.3,0.5,0.196,-0.25,0.1,5359,0.41,10.0,0.36,0.35,0.33,0.82,0.49,0.137,0.04,36.32,24.09,34.43
Shahjahanpur,2024,6,27.8835,79.9049,155,36.5,22.5,31.5,58.2,2.1,0.28,-0.25,0.1,5359,0.41,10.0,0.36,0.35,0.33,0.82,0.49,0.137,0.04,36.83,24.31,31.93
Shahjahanpur,2024,7,27.8835,79.9049,155,31.0,17.8,26.0,79.0,2.2,0.392,-0.15,0.1,5359,0.41,10.0,0.36,0.35,0.33,0.82,0.49,0.137,0.04,32.4,20.46,27.44
Shahjahanpur,2024,8,27.8835,79.9049,155,33.8,21.3,28.8,77.7,2.3,0.392,-0.15,0.1,5359,0.41,10.0,0.36,0.35,0.33,0.82,0.49,0.137,0.04,33.24,21.05,33.65
Shahjahanpur,2024,9,27.8835,79.9049,155,34.0,21.2,29.0,71.4,2.1,0.392,-0.15,0.1,5359,0.41,10.0,0.36,0.35,0.33,0.82,0.49,0.137,0.04,33.05,20.7,33.31
Shahjahanpur,2024,10,27.8835,79.9049,155,28.1,13.4,23.1,58.1,2.9,0.28,-0.25,0.1,5359,0.41,10.0,0.36,0.35,0.33,0.82,0.49,0.137,0.04,28.53,16.41,28.77
Shahjahanpur,2024,11,27.8835,79.9049,155,20.4,8.4,15.4,63.9,2.2,0.28,-0.25,0.1,5359,0.41,10.0,0.36,0.35,0.33,0.82,0.49,0.137,0.04,21.17,8.87,30.35
Shahjahanpur,2024,12,27.8835,79.9049,155,15.9,3.4,10.9,41.5,1.5,0.28,-0.25,0.1,5359,0.41,10.0,0.36,0.35,0.33,0.82,0.49,0.137,0.04,16.05,4.03,29.95
Rampur,2020,1,28.793,79.026,192,14.7,1.8,9.7,63.4,2.8,0.26,-0.27,0.12,5446,0.45,10.4,0.38,0.4,0.34,0.82,0.5,0.123,0.041,13.33,0.74,30.63
Rampur,2020,2,28.793,79.026,192,17.8,3.3,12.8,51.6,1.8,0.26,-0.27,0.12,5446,0.45,10.4,0.38,0.4,0.34,0.82,0.5,0.123,0.041,19.02,6.32,29.7
Rampur,2020,3,28.793,79.026,192,21.6,7.2,16.6,38.4,4.2,0.182,-0.27,0.12,5446,0.45,10.4,0.38,0.4,0.34,0.82,0.5,0.123,0.041,22.48,10.14,31.73
Rampur,2020,4,28.793,79.026,192,29.4,16.3,24.4,45.3,2.4,0.182,-0.27,0.12,5446,0.45,10.4,0.38,0.4,0.34,0.82,0.5,0.123,0.041,28.93,16.24,35.14
Rampur,2020,5,28.793,79.026,192,34.7,22.5,29.7,39.8,5.4,0.182,-0.27,0.12,5446,0.45,10.4,0.38,0.4,0.34,0.82,0.5,0.123,0.041,34.94,23.01,32.19
Rampur,2020,6,28.793,79.026,192,34.0,21.4,29.0,45.4,2.4,0.26,-0.27,0.12,5446,0.45,10.4,0.38,0.4,0.34,0.82,0.5,0.123,0.041,34.29,22.23,31.57
Rampur,2020,7,28.793,79.026,192,32.5,20.3,27.5,82.6,1.7,0.364,-0.162,0.12,5446,0.45,10.4,0.38,0.4,0.34,0.82,0.5,0.123,0.041,31.54,18.93,31.13
Rampur,2020,8,28.793,79.026,192,30.2,16.3,25.2,86.1,2.8,0.364,-0.162,0.12,5446,0.45,10.4,0.38,0.4,0.34,0.82,0.5,0.123,0.041,31.36,18.97,30.61
Rampur,2020,9,28.793,79.026,192,31.2,16.6,26.2,89.6,2.8,0.364,-0.162,0.12,5446,0.45,10.4,0.38,0.4,0.34,0.82,0.5,0.123,0.041,31.23,18.74,30.6
Rampur,2020,10,28.793,79.026,192,27.6,13.4,22.6,65.5,1.6,0.26,-0.27,0.12,5446,0.45,10.4,0.38,0.4,0.34,0.82,0.5,0.123,0.041,29.41,17.18,33.64
Rampur,2020,11,28.793,79.026,192,20.0,6.8,15.0,63.4,2.0,0.26,-0.27,0.12,5446,0.45,10.4,0.38,0.4,0.34,0.82,0.5,0.123,0.041,21.33,8.95,32.12
Rampur,2020,12,28.793,79.026,192,15.3,0.5,10.3,60.3,1.4,0.26,-0.27,0.12,5446,0.45,10.4,0.38,0.4,0.34,0.82,0.5,0.123,0.041,14.97,2.69,31.0
Rampur,2021,1,28.793,79.026,192,13.9,1.1,8.9,69.4,3.6,0.26,-0.27,0.12,5446,0.45,10.4,0.38,0.4,0.34,0.82,0.5,0.123,0.041,14.67,1.93,35.18
Rampur,2021,2,28.793,79.026,192,18.8,4.2,13.8,61.9,2.2,0.26,-0.27,0.12,5446,0.45,10.4,0.38,0.4,0.34,0.82,0.5,0.123,0.041,18.0,5.02,34.38
Rampur,2021,3,28.793,79.026,192,22.6,7.8,17.6,29.7,4.2,0.182,-0.27,0.12,5446,0.45,10.4,0.38,0.4,0.34,0.82,0.5,0.123,0.041,22.63,10.41,31.52
Rampur,2021,4,28.793,79.026,192,29.3,15.8,24.3,55.9,4.0,0.182,-0.27,0.12,5446,0.45,10.4,0.38,0.4,0.34,0.82,0.5,0.123,0.041,30.23,17.58,30.64
Rampur,2021,5,28.793,79.026,192,38.5,24.2,33.5,34.6,5.2,0.182,-0.27,0.12,5446,0.45,10.4,0.38,0.4,0.34,0.82,0.5,0.123,0.041,37.32,25.17,30.23
Rampur,2021,6,28.793,79.026,192,33.7,20.8,28.7,45.5,1.7,0.26,-0.27,0.12,5446,0.45,10.4,0.38,0.4,0.34,0.82,0.5,0.123,0.041,34.07,21.62,33.32
Rampur,2021,7,28.793,79.026,192,32.3,18.3,27.3,82.2,3.3,0.364,-0.162,0.12,5446,0.45,10.4,0.38,0.4,0.34,0.82,0.5,0.123,0.041,29.68,17.56,30.28
Rampur,2021,8,28.793,79.026,192,33.0,20.8,28.0,78.9,1.3,0.364,-0.162,0.12,5446,0.45,10.4,0.38,0.4,0.34,0.82,0.5,0.123,0.041,31.54,18.97,33.02
Rampur,2021,9,28.793,79.026,192,32.8,20.2,27.8,73.4,1.5,0.364,-0.162,0.12,5446,0.45,10.4,0.38,0.4,0.34,0.82,0.5,0.123,0.041,31.79,19.73,30.47
Rampur,2021,10,28.793,79.026,192,29.1,14.9,24.1,70.1,0.8,0.26,-0.27,0.12,5446,0.45,10.4,0.38,0.4,0.34,0.82,0.5,0.123,0.041,29.2,16.85,29.88
Rampur,2021,11,28.793,79.026,192,23.1,8.9,18.1,46.0,2.7,0.26,-0.27,0.12,5446,0.45,10.4,0.38,0.4,0.34,0.82,0.5,0.123,0.041,23.2,11.07,34.99
Rampur,2021,12,28.793,79.026,192,14.0,0.3,9.0,58.8,1.2,0.26,-0.27,0.12,5446,0.45,10.4,0.38,0.4,0.34,0.82,0.5,0.123,0.041,14.81,2.29,28.08
Rampur,2022,1,28.793,79.026,192,14.1,1.2,9.1,59.5,2.2,0.26,-0.27,0.12,5446,0.45,10.4,0.38,0.4,0.34,0.82,0.5,0.123,0.041,13.81,1.37,32.28
Rampur,2022,2,28.793,79.026,192,18.9,5.1,13.9,42.5,1.9,0.26,-0.27,0.12,5446,0.45,10.4,0.38,0.4,0.34,0.82,0.5,0.123,0.041,18.21,5.53,29.82
Rampur,2022,3,28.793,79.026,192,22.5,9.4,17.5,37.9,2.8,0.182,-0.27,0.12,5446,0.45,10.4,0.38,0.4,0.34,0.82,0.5,0.123,0.041,23.06,10.96,35.59
Rampur,2022,4,28.793,79.026,192,30.4,16.5,25.4,31.1,3.1,0.182,-0.27,0.12,5446,0.45,10.4,0.38,0.4,0.34,0.82,0.5,0.123,0.041,31.22,18.99,33.87
Rampur,2022,5,28.793,79.026,192,37.1,23.3,32.1,43.7,4.9,0.182,-0.27,0.12,5446,0.45,10.4,0.38,0.4,0.34,0.82,0.5,0.123,0.041,36.63,24.36,35.16
Rampur,2022,6,28.793,79.026,192,33.7,20.3,28.7,55.4,2.1,0.26,-0.27,0.12,5446,0.45,10.4,0.38,0.4,0.34,0.82,0.5,0.123,0.041,34.49,21.79,27.11
Rampur,2022,7,28.793,79.026,192,32.8,20.3,27.8,79.7,0.9,0.364,-0.162,0.12,5446,0.45,10.4,0.38,0.4,0.34,0.82,0.5,0.123,0.041,33.03,20.55,30.86
Rampur,2022,8,28.793,79.026,192,31.3,19.1,26.3,86.8,0.5,0.364,-0.162,0.12,5446,0.45,10.4,0.38,0.4,0.34,0.82,0.5,0.123,0.041,30.53,18.14,31.88
Rampur,2022,9,28.793,79.026,192,30.2,16.4,25.2,67.9,0.7,0.364,-0.162,0.12,5446,0.45,10.4,0.38,0.4,0.34,0.82,0.5,0.123,0.041,30.49,18.27,32.9
Rampur,2022,10,28.793,79.026,192,25.4,11.6,20.4,45.9,2.1,0.26,-0.27,0.12,5446,0.45,10.4,0.38,0.4,0.34,0.82,0.5,0.123,0.041,27.8,15.4,32.98
Rampur,2022,11,28.793,79.026,192,18.9,5.7,13.9,49.4,2.5,0.26,-0.27,0.12,5446,0.45,10.4,0.38,0.4,0.34,0.82,0.5,0.123,0.041,20.41,7.73,31.08
Rampur,2022,12,28.793,79.026,192,16.8,4.0,11.8,53.7,1.1,0.26,-0.27,0.12,5446,0.45,10.4,0.38,0.4,0.34,0.82,0.5,0.123,0.041,15.54,2.93,32.48
Rampur,2023,1,28.793,79.026,192,11.9,-2.0,6.9,57.7,2.5,0.26,-0.27,0.12,5446,0.45,10.4,0.38,0.4,0.34,0.82,0.5,0.123,0.041,13.41,0.92,29.21
Rampur,2023,2,28.793,79.026,192,16.2,1.9,11.2,59.3,0.5,0.26,-0.27,0.12,5446,0.45,10.4,0.38,0.4,0.34,0.82,0.5,0.123,0.041,15.65,3.24,32.6
Rampur,2023,3,28.793,79.026,192,21.2,7.2,16.2,48.8,5.5,0.182,-0.27,0.12,5446,0.45,10.4,0.38,0.4,0.34,0.82,0.5,0.123,0.041,21.3,9.48,33.85
Rampur,2023,4,28.793,79.026,192,29.3,17.0,24.3,29.8,3.5,0.182,-0.27,0.12,5446,0.45,10.4,0.38,0.4,0.34,0.82,0.5,0.123,0.041,28.12,15.83,33.5
Rampur,2023,5,28.793,79.026,192,33.4,18.8,28.4,42.0,3.5,0.182,-0.27,0.12,5446,0.45,10.4,0.38,0.4,0.34,0.82,0.5,0.123,0.041,33.02,20.73,36.26
Rampur,2023,6,28.793,79.026,192,35.5,20.8,30.5,59.4,2.5,0.26,-0.27,0.12,5446,0.45,10.4,0.38,0.4,0.34,0.82,0.5,0.123,0.041,34.45,22.26,32.58
Rampur,2023,7,28.793,79.026,192,32.1,19.5,27.1,78.7,2.9,0.364,-0.162,0.12,5446,0.45,10.4,0.38,0.4,0.34,0.82,0.5,0.123,0.041,32.71,20.35,34.42
Rampur,2023,8,28.793,79.026,192,30.5,16.1,25.5,89.4,2.3,0.364,-0.162,0.12,5446,0.45,10.4,0.38,0.4,0.34,0.82,0.5,0.123,0.041,31.76,19.36,28.2
Rampur,2023,9,28.793,79.026,192,32.7,18.7,27.7,86.6,1.2,0.364,-0.162,0.12,5446,0.45,10.4,0.38,0.4,0.34,0.82,0.5,0.123,0.041,32.28,19.3,32.89
Rampur,2023,10,28.793,79.026,192,26.0,11.5,21.0,54.1,1.3,0.26,-0.27,0.12,5446,0.45,10.4,0.38,0.4,0.34,0.82,0.5,0.123,0.041,25.47,12.78,29.05
Rampur,2023,11,28.793,79.026,192,19.4,5.2,14.4,61.1,1.7,0.26,-0.27,0.12,5446,0.45,10.4,0.38,0.4,0.34,0.82,0.5,0.123,0.041,20.21,8.36,30.74
Rampur,2023,12,28.793,79.026,192,13.7,1.6,8.7,52.5,2.1,0.26,-0.27,0.12,5446,0.45,10.4,0.38,0.4,0.34,0.82,0.5,0.123,0.041,13.14,0.96,33.63
Rampur,2024,1,28.793,79.026,192,14.2,2.1,9.2,59.9,2.0,0.26,-0.27,0.12,5446,0.45,10.4,0.38,0.4,0.34,0.82,0.5,0.123,0.041,14.08,1.73,29.33
Rampur,2024,2,28.793,79.026,192,16.7,4.6,11.7,52.3,2.7,0.26,-0.27,0.12,5446,0.45,10.4,0.38,0.4,0.34,0.82,0.5,0.123,0.041,16.91,4.82,33.21
Rampur,2024,3,28.793,79.026,192,23.8,10.2,18.8,47.7,4.5,0.182,-0.27,0.12,5446,0.45,10.4,0.38,0.4,0.34,0.82,0.5,0.123,0.041,22.9,10.43,31.25
Rampur,2024,4,28.793,79.026,192,30.7,18.7,25.7,45.4,5.4,0.182,-0.27,0.12,5446,0.45,10.4,0.38,0.4,0.34,0.82,0.5,0.123,0.041,30.78,18.4,34.11
Rampur,2024,5,28.793,79.026,192,34.7,20.2,29.7,59.9,5.6,0.182,-0.27,0.12,5446,0.45,10.4,0.38,0.4,0.34,0.82,0.5,0.123,0.041,34.05,21.39,29.25
Rampur,2024,6,28.793,79.026,192,33.9,20.3,28.9,57.8,2.0,0.26,-0.27,0.12,5446,0.45,10.4,0.38,0.4,0.34,0.82,0.5,0.123,0.041,35.76,23.11,35.81
Rampur,2024,7,28.793,79.026,192,32.6,17.7,27.6,74.7,1.3,0.364,-0.162,0.12,5446,0.45,10.4,0.38,0.4,0.34,0.82,0.5,0.123,0.041,32.3,19.97,30.99
Rampur,2024,8,28.793,79.026,192,32.5,17.9,27.5,73.4,3.3,0.364,-0.162,0.12,5446,0.45,10.4,0.38,0.4,0.34,0.82,0.5,0.123,0.041,31.3,18.44,34.3
Rampur,2024,9,28.793,79.026,192,31.9,19.4,26.9,80.2,2.0,0.364,-0.162,0.12,5446,0.45,10.4,0.38,0.4,0.34,0.82,0.5,0.123,0.041,30.39,18.07,33.03
Rampur,2024,10,28.793,79.026,192,27.1,14.0,22.1,44.9,1.7,0.26,-0.27,0.12,5446,0.45,10.4,0.38,0.4,0.34,0.82,0.5,0.123,0.041,28.17,15.76,32.43
Rampur,2024,11,28.793,79.026,192,21.7,7.0,16.7,62.6,1.0,0.26,-0.27,0.12,5446,0.45,10.4,0.38,0.4,0.34,0.82,0.5,0.123,0.041,20.09,7.53,30.09
Rampur,2024,12,28.793,79.026,192,16.7,3.1,11.7,38.5,2.2,0.26,-0.27,0.12,5446,0.45,10.4,0.38,0.4,0.34,0.82,0.5,0.123,0.041,17.58,4.76,31.76
